DAUID,POP_2016,POP_DENSITY,LANDAREA
3520,2731571,4334.4,630.2
35200002,356,7063.5,0.05
35200003,335,7158.1,0.05
35200004,384,7868.9,0.05
35200005,408,9209.9,0.04
35200006,527,9213.3,0.06
35200007,653,8436.7,0.08
35200009,293,4592.5,0.06
35200010,274,7569.1,0.04
35200012,503,10589.5,0.05
35200013,59,8082.2,0.01
35200018,497,2820.7,0.18
35200028,1174,9467.7,0.12
35200029,378,8552,0.04
35200030,521,5432.7,0.1
35200031,1142,4928.8,0.23
35200032,692,2985.3,0.23
35200033,471,4816,0.1
35200034,791,1280.6,0.62
35200035,673,5924.3,0.11
35200036,273,6791,0.04
35200037,1283,5370.4,0.24
35200039,314,5080.9,0.06
35200041,902,4061.2,0.22
35200042,625,4050.6,0.15
35200043,572,718.2,0.8
35200044,234,8297.9,0.03
35200046,774,8331.5,0.09
35200047,990,17615.7,0.06
35200048,1004,10524.1,0.1
35200049,809,10125.2,0.08
35200050,1031,1840.4,0.56
35200051,467,7001.5,0.07
35200052,389,2322.4,0.17
35200053,315,6402.4,0.05
35200054,369,3321.3,0.11
35200055,463,4710.1,0.1
35200056,301,347.5,0.87
35200057,248,10081.3,0.02
35200058,275,11363.6,0.02
35200062,780,5575.4,0.14
35200064,660,4615.4,0.14
35200065,412,6710.1,0.06
35200066,483,5948.3,0.08
35200067,623,6101.9,0.1
35200068,499,8926.7,0.06
35200069,673,5125.7,0.13
35200070,556,7798,0.07
35200071,436,8273.2,0.05
35200072,366,3128.2,0.12
35200073,377,6842.1,0.06
35200074,382,6713.5,0.06
35200078,755,4537.3,0.17
35200079,1276,12772.8,0.1
35200080,454,1973.1,0.23
35200082,353,6990.1,0.05
35200085,357,4332.5,0.08
35200086,527,4566.7,0.12
35200087,629,3448.5,0.18
35200088,484,4412,0.11
35200089,596,3776.9,0.16
35200090,582,4399.1,0.13
35200091,524,7705.9,0.07
35200092,775,4284.1,0.18
35200093,618,4327.7,0.14
35200094,484,220.8,2.19
35200095,541,7271.5,0.07
35200096,219,7821.4,0.03
35200097,269,8201.2,0.03
35200099,266,7514.1,0.04
35200100,368,4466,0.08
35200101,1123,6637.1,0.17
35200102,892,3325.9,0.27
35200103,281,4929.8,0.06
35200104,1058,5199,0.2
35200105,1274,6834.8,0.19
35200106,1389,5110.4,0.27
35200107,227,5632.8,0.04
35200108,496,7392,0.07
35200109,516,3093.5,0.17
35200110,609,7016.1,0.09
35200111,512,8678,0.06
35200112,960,7384.6,0.13
35200114,1081,6219.8,0.17
35200115,854,6848.4,0.12
35200116,529,7388.3,0.07
35200117,881,8463,0.1
35200118,585,8602.9,0.07
35200119,302,8412.3,0.04
35200120,1031,6256.1,0.16
35200121,510,8069.6,0.06
35200123,1004,6456.6,0.16
35200124,848,5215.3,0.16
35200125,645,9684.7,0.07
35200126,501,9920.8,0.05
35200127,820,8055,0.1
35200128,727,1664.8,0.44
35200133,1134,5613.9,0.2
35200134,727,5192.9,0.14
35200135,486,8571.4,0.06
35200136,465,8408.7,0.06
35200137,609,7337.3,0.08
35200138,271,8713.8,0.03
35200139,371,201.7,1.84
35200140,372,224.1,1.66
35200141,561,4246.8,0.13
35200142,436,6953.7,0.06
35200143,803,6278.3,0.13
35200144,588,1199.8,0.49
35200145,538,12117.1,0.04
35200146,532,7766.4,0.07
35200147,495,3576.6,0.14
35200148,407,3192.2,0.13
35200149,374,4060.8,0.09
35200150,1353,13123.2,0.1
35200161,669,8099.3,0.08
35200162,701,7031.1,0.1
35200163,680,4091.5,0.17
35200164,226,2800.5,0.08
35200165,507,4659.9,0.11
35200166,844,4077.3,0.21
35200167,1332,4316.3,0.31
35200173,392,7114.3,0.06
35200174,616,5719.6,0.11
35200175,674,3456.4,0.2
35200176,404,6789.9,0.06
35200177,418,1280.2,0.33
35200178,562,5198.9,0.11
35200179,598,1458.2,0.41
35200180,585,4595.4,0.13
35200181,352,6435.1,0.05
35200182,397,8537.6,0.05
35200183,508,3749.1,0.14
35200186,627,7273.8,0.09
35200187,465,5400.7,0.09
35200188,873,12543.1,0.07
35200189,467,4082.2,0.11
35200190,380,4241.1,0.09
35200193,407,2644.6,0.15
35200196,537,1706.4,0.31
35200197,405,3788.6,0.11
35200198,450,3485.7,0.13
35200199,715,4074.1,0.18
35200200,503,2562.4,0.2
35200201,563,3978.8,0.14
35200202,564,2898.3,0.19
35200203,600,2799.8,0.21
35200204,660,5441.1,0.12
35200205,499,4707.5,0.11
35200206,498,3408.6,0.15
35200207,238,3269.2,0.07
35200208,451,3818.8,0.12
35200209,415,6825.7,0.06
35200210,525,2998.3,0.18
35200211,428,7328.8,0.06
35200212,408,4059.7,0.1
35200213,565,3077.3,0.18
35200214,633,3342.1,0.19
35200215,400,2224.7,0.18
35200216,677,2447.6,0.28
35200217,412,2959.8,0.14
35200218,584,1160.6,0.5
35200219,485,3220.5,0.15
35200220,434,1865.9,0.23
35200221,3987,5053.2,0.79
35200222,843,12270.7,0.07
35200223,420,3777,0.11
35200224,801,4103.5,0.2
35200232,668,10308.6,0.06
35200233,385,3043.5,0.13
35200234,458,5021.9,0.09
35200235,403,2536.2,0.16
35200236,394,4121.3,0.1
35200237,365,4371.3,0.08
35200238,352,1368.6,0.26
35200239,299,3695.9,0.08
35200242,439,3371.7,0.13
35200243,423,4188.1,0.1
35200244,401,4014,0.1
35200245,734,7325.3,0.1
35200246,421,3616.8,0.12
35200249,492,5256.4,0.09
35200250,446,5108.8,0.09
35200251,282,3009.6,0.09
35200252,561,3853,0.15
35200253,713,2770,0.26
35200254,795,2913.2,0.27
35200255,529,2390.4,0.22
35200256,635,5507.4,0.12
35200260,456,3002,0.15
35200261,543,5512.7,0.1
35200262,525,5938.9,0.09
35200263,347,4185.8,0.08
35200264,503,6335,0.08
35200265,476,3251.4,0.15
35200266,604,3834.9,0.16
35200267,1136,8249.8,0.14
35200268,558,13643,0.04
35200269,698,7636.8,0.09
35200271,1705,17613.6,0.1
35200272,2502,17043.6,0.15
35200273,3292,70492.5,0.05
35200275,439,3008.9,0.15
35200278,392,2679.4,0.15
35200279,572,3676.1,0.16
35200280,961,15475,0.06
35200281,529,7700.1,0.07
35200284,912,19783.1,0.05
35200288,429,3957.6,0.11
35200289,618,2173.8,0.28
35200290,528,2964.6,0.18
35200291,582,3275.2,0.18
35200292,951,5385.1,0.18
35200293,2150,8269.2,0.26
35200294,470,2308.4,0.2
35200297,401,6973.9,0.06
35200298,1094,5157.9,0.21
35200300,1232,25040.7,0.05
35200301,404,2211.3,0.18
35200302,918,2975.7,0.31
35200303,250,5060.7,0.05
35200304,683,2658.6,0.26
35200305,622,3804.3,0.16
35200306,630,3989.9,0.16
35200307,289,6736.6,0.04
35200308,564,2335.4,0.24
35200309,635,3039.7,0.21
35200310,606,6385.7,0.09
35200313,0,0,0.29
35200315,996,11305.3,0.09
35200316,1542,34808.1,0.04
35200317,465,12236.8,0.04
35200318,396,12611.5,0.03
35200319,496,8566.5,0.06
35200320,926,12772.4,0.07
35200321,720,1903.8,0.38
35200322,374,3475.8,0.11
35200323,1148,5204,0.22
35200324,875,5775.6,0.15
35200325,309,10474.6,0.03
35200326,593,3527.7,0.17
35200327,318,7243.7,0.04
35200328,385,2675.5,0.14
35200329,378,812.7,0.47
35200330,461,886.7,0.52
35200331,377,2858.2,0.13
35200332,457,1360.9,0.34
35200333,458,2815,0.16
35200334,460,3435.4,0.13
35200335,481,3263.2,0.15
35200336,473,3440,0.14
35200337,482,3771.5,0.13
35200338,464,3426.9,0.14
35200339,658,9577.9,0.07
35200352,1361,21332.3,0.06
35200355,540,2934.8,0.18
35200357,518,3156.6,0.16
35200358,570,4285.7,0.13
35200359,503,3833.8,0.13
35200360,483,3773.4,0.13
35200361,386,3268.4,0.12
35200362,555,3606.2,0.15
35200363,517,2421.5,0.21
35200364,1594,8141,0.2
35200366,695,5899.8,0.12
35200368,348,4846.8,0.07
35200370,481,1582.2,0.3
35200371,565,1662.7,0.34
35200372,379,2128,0.18
35200373,322,1387.9,0.23
35200374,606,3942.7,0.15
35200375,327,9969.5,0.03
35200376,542,944.4,0.57
35200377,497,1344.3,0.37
35200378,304,2463.5,0.12
35200379,558,2719.3,0.21
35200380,596,3354,0.18
35200381,1089,8940.9,0.12
35200382,924,8006.9,0.12
35200383,570,4241.1,0.13
35200384,527,2502.4,0.21
35200385,330,3510.6,0.09
35200386,805,1722.7,0.47
35200387,441,3219,0.14
35200388,761,3601.5,0.21
35200389,961,555.8,1.73
35200391,369,3181,0.12
35200392,392,3951.6,0.1
35200393,890,1276.5,0.7
35200394,580,2756.7,0.21
35200395,480,1925.4,0.25
35200396,467,3258.9,0.14
35200397,914,2808,0.33
35200400,304,1324.6,0.23
35200401,449,2965.7,0.15
35200402,465,3154.7,0.15
35200404,470,9003.8,0.05
35200405,462,2885.7,0.16
35200406,389,4936.5,0.08
35200407,417,3144.8,0.13
35200408,517,3531.4,0.15
35200409,345,5778.9,0.06
35200410,1029,19750.5,0.05
35200411,753,8685.1,0.09
35200412,1675,20156.4,0.08
35200413,759,9222.4,0.08
35200414,1168,10998.1,0.11
35200415,527,1833.7,0.29
35200416,498,2736.3,0.18
35200417,1103,3225.1,0.34
35200418,1059,21700.8,0.05
35200420,794,5300.4,0.15
35200421,349,4943.3,0.07
35200422,539,2380.7,0.23
35200423,576,10786.5,0.05
35200426,474,5404.8,0.09
35200427,526,4816.8,0.11
35200428,470,5575.3,0.08
35200429,530,10515.9,0.05
35200430,621,3306.7,0.19
35200431,622,2925.7,0.21
35200432,377,3092.7,0.12
35200433,435,5099.6,0.09
35200434,461,3326.1,0.14
35200435,406,3503,0.12
35200436,647,5897.9,0.11
35200437,420,2902.6,0.14
35200438,582,2929,0.2
35200439,396,3886.2,0.1
35200440,500,4995,0.1
35200442,517,8379.3,0.06
35200443,521,6783.9,0.08
35200444,588,4957.8,0.12
35200445,384,1653.7,0.23
35200449,473,5712.6,0.08
35200450,422,2590.5,0.16
35200451,332,4317.3,0.08
35200452,626,582.8,1.07
35200453,670,2347.6,0.29
35200454,724,2667.6,0.27
35200455,407,3363.6,0.12
35200456,835,14347.1,0.06
35200459,328,3126.8,0.1
35200460,525,15129.7,0.03
35200463,548,9367.5,0.06
35200464,659,6222.9,0.11
35200465,663,4944.1,0.13
35200466,504,4124.4,0.12
35200467,652,4372.9,0.15
35200468,581,686,0.85
35200469,485,3834,0.13
35200470,575,4563.5,0.13
35200471,1368,29044.6,0.05
35200472,636,6162.8,0.1
35200475,532,2288.2,0.23
35200478,502,4808.4,0.1
35200479,537,5028.1,0.11
35200480,400,4347.8,0.09
35200481,401,5332.4,0.08
35200482,426,5974.8,0.07
35200483,451,4460.9,0.1
35200484,748,21310.5,0.04
35200488,383,5120.3,0.07
35200489,358,9623.7,0.04
35200490,350,4710.6,0.07
35200491,474,3618.3,0.13
35200492,282,4676.6,0.06
35200493,314,4231.8,0.07
35200494,379,5170.5,0.07
35200495,478,2869.1,0.17
35200497,951,28818.2,0.03
35200498,518,4160.6,0.12
35200499,934,8895.2,0.11
35200505,443,8824.7,0.05
35200506,396,5329.7,0.07
35200510,425,7495.6,0.06
35200511,461,7158.4,0.06
35200512,409,6782.8,0.06
35200513,413,6988.2,0.06
35200514,473,7580.1,0.06
35200515,476,4423.8,0.11
35200516,449,7458.5,0.06
35200517,521,6983.9,0.07
35200518,495,9252.3,0.05
35200519,410,7044.7,0.06
35200520,555,6615,0.08
35200521,579,6542.4,0.09
35200522,567,6450.5,0.09
35200523,574,3644.4,0.16
35200524,507,4416.4,0.11
35200525,446,2447.9,0.18
35200529,786,2822.3,0.28
35200531,685,4126.5,0.17
35200532,439,3944.3,0.11
35200533,264,3611.5,0.07
35200534,525,3211,0.16
35200535,440,6470.6,0.07
35200536,998,7028.2,0.14
35200538,2241,8573.1,0.26
35200539,1004,21921.4,0.05
35200540,496,32631.6,0.02
35200541,1192,7061.6,0.17
35200542,502,29017.3,0.02
35200545,257,1992.2,0.13
35200561,782,1109.2,0.71
35200562,521,5524.9,0.09
35200563,480,4181.2,0.11
35200564,584,5916.9,0.1
35200565,528,4587.3,0.12
35200566,529,6011.4,0.09
35200567,578,5995.9,0.1
35200568,497,6752.7,0.07
35200569,600,8955.2,0.07
35200570,473,9594.3,0.05
35200571,576,9142.9,0.06
35200572,575,10195,0.06
35200573,528,8288.9,0.06
35200574,438,6908.5,0.06
35200575,562,3200.5,0.18
35200576,740,5601.8,0.13
35200577,563,9022.4,0.06
35200578,358,8731.7,0.04
35200579,730,8700.8,0.08
35200580,497,9650.5,0.05
35200581,375,8865.2,0.04
35200582,806,8995.5,0.09
35200583,799,10485.6,0.08
35200584,498,8097.6,0.06
35200585,449,11169.2,0.04
35200586,569,10421.2,0.05
35200587,721,10665.7,0.07
35200588,759,7816.7,0.1
35200589,639,9580.2,0.07
35200590,500,10822.5,0.05
35200591,578,7448.5,0.08
35200593,740,13143.9,0.06
35200594,516,5843.7,0.09
35200595,467,10518,0.04
35200596,615,5885.2,0.1
35200597,370,8240.5,0.04
35200598,403,5926.5,0.07
35200599,547,7607.8,0.07
35200600,434,8714.9,0.05
35200601,415,7306.3,0.06
35200602,456,7125,0.06
35200603,685,7801.8,0.09
35200604,581,8531.6,0.07
35200605,700,9589,0.07
35200606,420,8823.5,0.05
35200610,320,9439.5,0.03
35200611,526,7245.2,0.07
35200612,639,8309.5,0.08
35200639,1939,24389.9,0.08
35200640,566,5511.2,0.1
35200641,1015,35614,0.03
35200642,426,3203,0.13
35200643,510,3857.8,0.13
35200644,478,1506.9,0.32
35200645,474,6022.9,0.08
35200646,435,5815.5,0.07
35200647,458,5782.8,0.08
35200648,512,13162,0.04
35200649,530,7958,0.07
35200650,742,7868.5,0.09
35200651,715,9407.9,0.08
35200652,608,8117.5,0.07
35200653,428,9365.4,0.05
35200654,1917,5724.1,0.33
35200655,529,6087.5,0.09
35200656,419,10371.3,0.04
35200657,875,8811.7,0.1
35200658,552,2773.9,0.2
35200659,417,5387.6,0.08
35200660,752,5204.2,0.14
35200661,711,22500,0.03
35200662,778,13992.8,0.06
35200663,289,8704.8,0.03
35200664,731,9543.1,0.08
35200665,847,8678.3,0.1
35200666,754,8636.9,0.09
35200667,472,10283.2,0.05
35200668,325,10450.2,0.03
35200669,368,10887.6,0.03
35200670,525,10057.5,0.05
35200671,418,9414.4,0.04
35200672,301,6529.3,0.05
35200673,608,19119.5,0.03
35200674,945,8267.7,0.11
35200675,583,6406.6,0.09
35200676,631,7388.8,0.09
35200677,516,8881.2,0.06
35200678,689,3346.3,0.21
35200679,553,9718.8,0.06
35200680,849,11304.9,0.08
35200681,564,9674.1,0.06
35200682,434,8966.9,0.05
35200683,814,5062.2,0.16
35200686,1014,8629.8,0.12
35200687,491,11746.4,0.04
35200688,451,6583.9,0.07
35200689,372,12653.1,0.03
35200690,409,13151.1,0.03
35200691,282,9527,0.03
35200692,320,9356.7,0.03
35200693,475,10771,0.04
35200694,577,6361.6,0.09
35200695,601,9361.4,0.06
35200696,321,5582.6,0.06
35200697,522,15443.8,0.03
35200698,303,6965.5,0.04
35200699,421,12167.6,0.03
35200700,302,12531.1,0.02
35200701,488,11816,0.04
35200702,577,8448,0.07
35200703,631,6266.1,0.1
35200704,523,8408.4,0.06
35200705,969,13922.4,0.07
35200706,450,7086.6,0.06
35200707,394,10368.4,0.04
35200708,504,3274.9,0.15
35200709,526,10096,0.05
35200710,511,9240.5,0.06
35200711,464,6946.1,0.07
35200712,749,10475.5,0.07
35200713,447,11580.3,0.04
35200714,409,9253.4,0.04
35200715,419,10244.5,0.04
35200716,343,9554.3,0.04
35200717,471,10397.4,0.05
35200718,1410,15684.1,0.09
35200719,961,3076.2,0.31
35200720,562,8659.5,0.06
35200724,623,9382.5,0.07
35200725,638,9193.1,0.07
35200726,412,8357,0.05
35200727,508,6430.4,0.08
35200728,1060,14133.3,0.08
35200729,364,7474.3,0.05
35200730,339,7618,0.04
35200731,463,8990.3,0.05
35200732,601,7438.1,0.08
35200733,542,12402.7,0.04
35200734,365,8371.6,0.04
35200735,440,7913.7,0.06
35200736,370,10914.5,0.03
35200737,406,5607.7,0.07
35200738,451,9129.6,0.05
35200739,601,9677.9,0.06
35200740,521,6456,0.08
35200741,635,7772.3,0.08
35200744,893,4371,0.2
35200745,635,2129.4,0.3
35200746,976,670.4,1.46
35200747,546,1087.9,0.5
35200748,569,5177.4,0.11
35200749,504,4520.2,0.11
35200750,494,3868.4,0.13
35200751,548,1905.4,0.29
35200752,386,2714.5,0.14
35200753,640,3328.1,0.19
35200754,726,3807,0.19
35200755,446,17768.9,0.03
35200756,840,39810.4,0.02
35200757,684,8976.4,0.08
35200768,397,17566.4,0.02
35200769,448,18823.5,0.02
35200770,729,21069.4,0.03
35200771,910,27164.2,0.03
35200772,849,20070.9,0.04
35200774,454,12303.5,0.04
35200782,2267,29556.7,0.08
35200783,520,25000,0.02
35200791,430,3164.1,0.14
35200792,702,1329.8,0.53
35200794,544,8143.7,0.07
35200795,448,7901.2,0.06
35200796,479,10148.3,0.05
35200797,428,7711.7,0.06
35200798,439,9203.4,0.05
35200801,1873,50349.5,0.04
35200802,655,10513.6,0.06
35200803,546,17388.5,0.03
35200804,5,203.3,0.02
35200805,1703,17684.3,0.1
35200806,507,4470.9,0.11
35200807,197,7695.3,0.03
35200808,417,10859.4,0.04
35200809,258,11168.8,0.02
35200810,466,20991,0.02
35200811,981,15873.8,0.06
35200812,508,9788.1,0.05
35200813,328,10092.3,0.03
35200814,1089,33507.7,0.03
35200815,657,23052.6,0.03
35200821,637,18958.3,0.03
35200822,907,11965.7,0.08
35200826,1096,73557,0.01
35200827,415,25460.1,0.02
35200828,558,35094.3,0.02
35200829,0,0,0.02
35200830,1252,21148.6,0.06
35200831,590,33522.7,0.02
35200832,646,2213.8,0.29
35200833,806,9285.7,0.09
35200855,1242,2628,0.47
35200859,323,10986.4,0.03
35200860,766,26877.2,0.03
35200861,526,8608.8,0.06
35200862,402,11652.2,0.03
35200863,411,12342.3,0.03
35200864,406,4993.8,0.08
35200865,687,21335.4,0.03
35200866,436,11534.4,0.04
35200867,928,26514.3,0.04
35200868,409,12393.9,0.03
35200869,663,13870.3,0.05
35200870,1887,12775.9,0.15
35200876,436,7182.9,0.06
35200877,416,9541.3,0.04
35200878,652,47941.2,0.01
35200879,468,11612.9,0.04
35200880,505,14680.2,0.03
35200881,408,12106.8,0.03
35200882,353,15021.3,0.02
35200883,450,11056.5,0.04
35200884,519,12506,0.04
35200885,523,12756.1,0.04
35200886,757,12349.1,0.06
35200887,585,11228.4,0.05
35200888,737,6767.7,0.11
35200889,661,16280.8,0.04
35200890,588,11878.8,0.05
35200891,332,14310.3,0.02
35200892,631,9320.5,0.07
35200893,290,10943.4,0.03
35200894,518,11139.8,0.05
35200895,551,10299.1,0.05
35200896,354,9053.7,0.04
35200897,632,7497,0.08
35200898,562,15654.6,0.04
35200899,427,7046.2,0.06
35200900,491,55795.5,0.01
35200901,403,8629.6,0.05
35200902,674,9897.2,0.07
35200903,400,7366.5,0.05
35200905,511,6551.3,0.08
35200906,1231,14280.7,0.09
35200907,430,10913.7,0.04
35200908,483,9917.9,0.05
35200909,665,9197.8,0.07
35200910,596,15012.6,0.04
35200911,375,9542,0.04
35200912,363,8985.1,0.04
35200913,658,10966.7,0.06
35200914,574,7572.6,0.08
35200915,726,10552.3,0.07
35200916,561,8262.2,0.07
35200917,355,11526,0.03
35200918,233,11042.7,0.02
35200919,383,11166.2,0.03
35200920,636,8700.4,0.07
35200921,532,10230.8,0.05
35200922,522,8080.5,0.06
35200923,341,10894.6,0.03
35200924,322,10454.5,0.03
35200925,374,8657.4,0.04
35200926,370,11349.7,0.03
35200927,399,3832.9,0.1
35200928,367,12032.8,0.03
35200929,373,11441.7,0.03
35200930,460,16254.4,0.03
35200931,382,10760.6,0.04
35200932,408,12515.3,0.03
35200933,373,13042,0.03
35200934,574,13442.6,0.04
35200935,377,7662.6,0.05
35200936,316,13221.8,0.02
35200937,399,14098.9,0.03
35200938,323,8613.3,0.04
35200939,402,4594.3,0.09
35200940,285,11538.5,0.02
35200941,358,9572.2,0.04
35200942,596,16328.8,0.04
35200943,242,8461.5,0.03
35200944,457,3038.6,0.15
35200945,507,9319.9,0.05
35200946,456,14568.7,0.03
35200949,564,11750,0.05
35200950,495,11985.5,0.04
35200951,611,12572,0.05
35200952,1481,5073.7,0.29
35200953,226,11300,0.02
35200954,374,13309.6,0.03
35200955,1359,16472.7,0.08
35200956,399,11946.1,0.03
35200957,1193,16755.6,0.07
35200958,779,9488.4,0.08
35200959,653,10793.4,0.06
35200960,380,5680.1,0.07
35200961,427,10239.8,0.04
35200962,515,6679.6,0.08
35200963,421,7028.4,0.06
35200965,384,13617,0.03
35200966,417,14329.9,0.03
35200967,657,16102.9,0.04
35200968,721,24948.1,0.03
35200969,486,3403.4,0.14
35200974,777,7969.2,0.1
35200975,424,11216.9,0.04
35200976,844,10083.6,0.08
35200977,581,10582.9,0.05
35200979,525,4092,0.13
35200981,467,21036,0.02
35200983,342,20236.7,0.02
35200985,427,5310.9,0.08
35200986,512,13763.4,0.04
35200987,538,6609.3,0.08
35200988,603,10396.6,0.06
35200989,640,9638.6,0.07
35200990,520,7866.9,0.07
35200991,428,13333.3,0.03
35200992,398,12097.3,0.03
35200993,280,10370.4,0.03
35200994,500,9074.4,0.06
35200995,301,6044.2,0.05
35200996,300,10204.1,0.03
35200997,689,8591,0.08
35200998,422,10292.7,0.04
35200999,547,6889.2,0.08
35201000,720,10183.9,0.07
35201001,571,12831.5,0.04
35201002,625,14140.3,0.04
35201003,580,12888.9,0.05
35201004,391,9200,0.04
35201005,546,12668.2,0.04
35201006,580,13679.2,0.04
35201007,369,9813.8,0.04
35201008,394,10563,0.04
35201009,414,10952.4,0.04
35201010,725,9986.2,0.07
35201011,320,5387.2,0.06
35201012,394,11656.8,0.03
35201013,338,10059.5,0.03
35201014,613,10660.9,0.06
35201015,700,12455.5,0.06
35201016,563,9080.6,0.06
35201017,405,10686,0.04
35201018,424,10392.2,0.04
35201019,468,11700,0.04
35201020,520,12652.1,0.04
35201023,684,12127.7,0.06
35201024,579,7043.8,0.08
35201025,594,6851.2,0.09
35201026,454,11046.2,0.04
35201027,688,11371.9,0.06
35201028,517,12309.5,0.04
35201029,894,6511.3,0.14
35201030,463,8852.8,0.05
35201031,772,14036.4,0.06
35201032,556,20592.6,0.03
35201033,698,19773.4,0.04
35201034,340,6501,0.05
35201035,650,9774.4,0.07
35201036,560,16092,0.03
35201038,629,24861.7,0.03
35201039,1281,10397.7,0.12
35201040,534,6750.9,0.08
35201041,840,11336,0.07
35201044,568,4761.1,0.12
35201045,426,20000,0.02
35201046,565,17278.3,0.03
35201047,585,9590.2,0.06
35201048,609,10287.2,0.06
35201049,787,7368.9,0.11
35201050,316,10063.7,0.03
35201051,667,62336.4,0.01
35201052,546,15082.9,0.04
35201053,474,12845.5,0.04
35201054,665,13064.8,0.05
35201055,912,22135.9,0.04
35201056,490,24500,0.02
35201057,679,14234.8,0.05
35201058,513,21111.1,0.02
35201059,519,10117,0.05
35201060,391,10831,0.04
35201061,531,8969.6,0.06
35201062,299,5839.8,0.05
35201063,779,8157.1,0.1
35201064,640,7785.9,0.08
35201065,602,11944.4,0.05
35201066,615,8874.5,0.07
35201067,421,8096.2,0.05
35201068,768,14684.5,0.05
35201069,477,6863.3,0.07
35201070,369,10573.1,0.03
35201071,501,14033.6,0.04
35201072,582,3885.2,0.15
35201073,656,5779.7,0.11
35201076,598,5168.5,0.12
35201077,446,3620.1,0.12
35201078,938,10695.6,0.09
35201079,564,6090.7,0.09
35201080,452,5452.4,0.08
35201081,389,4738.1,0.08
35201104,467,11446.1,0.04
35201105,416,9476.1,0.04
35201106,561,9428.6,0.06
35201107,814,30373.1,0.03
35201109,616,14772.2,0.04
35201110,827,11085.8,0.07
35201111,527,5747,0.09
35201112,464,8498.2,0.05
35201113,493,9062.5,0.05
35201114,540,6844.1,0.08
35201122,286,8102,0.04
35201123,348,8656.7,0.04
35201124,438,8742.5,0.05
35201125,416,8984.9,0.05
35201126,333,8222.2,0.04
35201127,576,9779.3,0.06
35201128,417,9455.8,0.04
35201129,576,6479.2,0.09
35201130,363,10111.4,0.04
35201131,666,8377.4,0.08
35201132,721,8923.3,0.08
35201133,523,10356.4,0.05
35201134,521,10461.8,0.05
35201139,688,9649.4,0.07
35201140,439,10552.9,0.04
35201141,544,10244.8,0.05
35201142,521,10378.5,0.05
35201143,548,10745.1,0.05
35201144,283,7182.7,0.04
35201145,627,9316.5,0.07
35201146,341,8676.8,0.04
35201147,404,10831.1,0.04
35201148,430,8253.4,0.05
35201149,310,9627.3,0.03
35201150,354,8349.1,0.04
35201151,326,8009.8,0.04
35201152,397,8288.1,0.05
35201153,504,5688.5,0.09
35201154,546,7368.4,0.07
35201155,413,8194.4,0.05
35201156,482,11586.5,0.04
35201157,367,8696.7,0.04
35201158,856,3607.2,0.24
35201159,730,7807.5,0.09
35201160,374,10967.7,0.03
35201161,263,40461.5,0.01
35201162,632,11769.1,0.05
35201163,242,3301.5,0.07
35201164,410,4761.9,0.09
35201165,599,5353,0.11
35201166,420,7792.2,0.05
35201167,844,40000,0.02
35201168,497,8352.9,0.06
35201169,431,11648.6,0.04
35201170,506,5911.2,0.09
35201171,381,9407.4,0.04
35201172,516,7644.4,0.07
35201173,404,11710.1,0.03
35201174,473,9441.1,0.05
35201175,516,10573.8,0.05
35201176,436,11038,0.04
35201177,463,11994.8,0.04
35201178,468,12513.4,0.04
35201179,517,8991.3,0.06
35201180,524,6245.5,0.08
35201181,439,10629.5,0.04
35201182,684,8066,0.08
35201185,535,10449.2,0.05
35201186,646,12447,0.05
35201187,330,10645.2,0.03
35201188,629,6392.3,0.1
35201191,325,7303.4,0.04
35201192,404,8047.8,0.05
35201193,477,8472.5,0.06
35201194,347,7214.1,0.05
35201195,404,8112.4,0.05
35201196,912,8475.8,0.11
35201197,315,6774.2,0.05
35201198,977,3274.1,0.3
35201199,546,5332,0.1
35201200,607,8292.3,0.07
35201201,486,8033.1,0.06
35201202,433,7427.1,0.06
35201203,772,6695.6,0.12
35201204,466,10174.7,0.05
35201205,643,7775.1,0.08
35201206,618,7872.6,0.08
35201209,258,10117.6,0.03
35201210,289,6228.4,0.05
35201211,475,9834.4,0.05
35201212,497,5510,0.09
35201213,416,2967.2,0.14
35201214,248,2666.7,0.09
35201215,656,18071.6,0.04
35201216,549,2959.6,0.19
35201217,653,864.6,0.76
35201219,974,37606.2,0.03
35201222,365,4703.6,0.08
35201228,375,2544.1,0.15
35201240,343,8070.6,0.04
35201241,616,7787.6,0.08
35201242,684,11692.3,0.06
35201243,402,5227.6,0.08
35201244,265,4351.4,0.06
35201249,524,6666.7,0.08
35201250,812,5970.6,0.14
35201251,950,9509.5,0.1
35201252,338,1820.1,0.19
35201253,502,5409.5,0.09
35201254,475,3347.4,0.14
35201255,379,4871.5,0.08
35201256,391,4287.3,0.09
35201257,294,4811.8,0.06
35201259,446,5659.9,0.08
35201263,367,7726.3,0.05
35201264,786,1575.5,0.5
35201267,482,4202.3,0.11
35201278,509,8598,0.06
35201279,489,9741,0.05
35201280,484,11804.9,0.04
35201281,478,9281.6,0.05
35201282,559,8078,0.07
35201283,410,9785.2,0.04
35201284,382,9317.1,0.04
35201285,528,7405.3,0.07
35201286,205,7945.7,0.03
35201287,409,8702.1,0.05
35201288,569,8163.6,0.07
35201289,370,8604.7,0.04
35201290,388,7983.5,0.05
35201291,689,7110.4,0.1
35201292,551,8386.6,0.07
35201293,513,3194.3,0.16
35201294,511,3488.1,0.15
35201295,578,6938.8,0.08
35201297,897,11589.1,0.08
35201298,967,32891.2,0.03
35201312,1109,653.2,1.7
35201313,466,5431.2,0.09
35201314,535,7048.7,0.08
35201315,601,9064.9,0.07
35201316,626,8015.4,0.08
35201317,442,7949.6,0.06
35201318,513,7245.8,0.07
35201319,543,8715.9,0.06
35201320,698,9100.4,0.08
35201321,533,8988.2,0.06
35201322,594,8646.3,0.07
35201323,443,10137.3,0.04
35201324,377,8568.2,0.04
35201325,409,9467.6,0.04
35201326,672,10891.4,0.06
35201327,623,26398.3,0.02
35201328,301,9465.4,0.03
35201329,361,17960.2,0.02
35201331,440,11111.1,0.04
35201332,796,18907.4,0.04
35201333,373,19030.6,0.02
35201334,984,52340.4,0.02
35201337,587,26926.6,0.02
35201338,506,23981,0.02
35201339,370,14230.8,0.03
35201347,531,10330.7,0.05
35201348,539,10589.4,0.05
35201349,494,9667.3,0.05
35201350,732,8413.8,0.09
35201351,445,10183.1,0.04
35201352,413,9365.1,0.04
35201353,419,9766.9,0.04
35201354,433,9796.4,0.04
35201355,466,10990.6,0.04
35201356,372,7864.7,0.05
35201357,958,13550.2,0.07
35201358,677,8758.1,0.08
35201359,408,7132.9,0.06
35201360,667,11600,0.06
35201361,723,9691.7,0.07
35201362,1905,26131.7,0.07
35201363,391,10398.9,0.04
35201364,496,7811,0.06
35201365,796,10859.5,0.07
35201368,349,8309.5,0.04
35201369,646,6352,0.1
35201370,377,9448.6,0.04
35201371,393,9899.2,0.04
35201372,464,5858.6,0.08
35201373,397,9974.9,0.04
35201374,671,6623.9,0.1
35201375,610,6908.3,0.09
35201376,715,10214.3,0.07
35201377,336,8400,0.04
35201378,474,7314.8,0.06
35201379,508,6271.6,0.08
35201380,485,5639.5,0.09
35201381,428,745.6,0.57
35201383,420,2320.4,0.18
35201384,379,7564.9,0.05
35201387,641,5083.3,0.13
35201388,623,7758.4,0.08
35201389,1012,3097.6,0.33
35201390,535,9067.8,0.06
35201391,331,1459.4,0.23
35201393,560,1550.8,0.36
35201394,539,5274,0.1
35201395,489,8578.9,0.06
35201396,1260,10543.9,0.12
35201397,491,2974,0.17
35201398,431,9410.5,0.05
35201399,456,2450.3,0.19
35201400,283,3099.7,0.09
35201401,1891,15971.3,0.12
35201402,419,6072.5,0.07
35201403,268,6320.8,0.04
35201404,408,7891.7,0.05
35201405,464,6925.4,0.07
35201406,571,3441.8,0.17
35201407,703,5952.6,0.12
35201408,513,9808.8,0.05
35201409,399,9477.4,0.04
35201410,401,8406.7,0.05
35201411,489,4729.2,0.1
35201412,329,6351.4,0.05
35201413,476,11870.3,0.04
35201414,489,10842.6,0.05
35201415,414,13663.4,0.03
35201416,470,18951.6,0.02
35201417,362,9945.1,0.04
35201418,425,10897.4,0.04
35201419,500,15197.6,0.03
35201420,468,8731.3,0.05
35201421,352,10538.9,0.03
35201422,581,7262.5,0.08
35201423,353,8465.2,0.04
35201426,437,7680.1,0.06
35201427,482,12991.9,0.04
35201428,649,13353.9,0.05
35201429,528,12194,0.04
35201430,436,8790.3,0.05
35201431,364,12465.8,0.03
35201432,504,10285.7,0.05
35201433,666,13266.9,0.05
35201434,552,11288.3,0.05
35201435,401,8084.7,0.05
35201436,556,7211.4,0.08
35201437,528,9072.2,0.06
35201438,530,13054.2,0.04
35201439,551,2584.4,0.21
35201440,502,7021,0.07
35201441,480,11538.5,0.04
35201442,738,9621.9,0.08
35201443,388,9898,0.04
35201444,403,13848.8,0.03
35201445,368,8578.1,0.04
35201446,238,12460.7,0.02
35201447,384,9896.9,0.04
35201448,503,12897.4,0.04
35201449,400,9174.3,0.04
35201450,593,10224.1,0.06
35201451,359,11580.6,0.03
35201452,1045,20734.1,0.05
35201453,3777,38698.8,0.1
35201459,389,20802.1,0.02
35201460,630,6402.4,0.1
35201461,0,0,0.01
35201463,1196,32947.7,0.04
35201464,778,22815.2,0.03
35201466,749,820.5,0.91
35201467,612,4526.6,0.14
35201468,683,10893.1,0.06
35201469,2280,5391.3,0.42
35201471,735,3262.3,0.23
35201477,419,6506.2,0.06
35201478,428,8167.9,0.05
35201479,420,8536.6,0.05
35201480,434,7627.4,0.06
35201481,401,9457.5,0.04
35201482,552,5570.1,0.1
35201483,525,6242.6,0.08
35201485,549,3734.7,0.15
35201486,432,8307.7,0.05
35201487,793,7453,0.11
35201488,631,6755.9,0.09
35201489,457,5935.1,0.08
35201490,472,8613.1,0.05
35201491,537,9010.1,0.06
35201492,523,9017.2,0.06
35201493,706,5712,0.12
35201494,708,6418.9,0.11
35201495,872,1661.6,0.52
35201496,1434,3193.1,0.45
35201497,497,3622.4,0.14
35201498,431,4001.9,0.11
35201499,478,3223.2,0.15
35201500,582,3714.1,0.16
35201501,745,4333.9,0.17
35201502,626,2785.9,0.22
35201503,560,4516.1,0.12
35201504,487,4664.8,0.1
35201505,544,2267.6,0.24
35201506,671,3390.6,0.2
35201507,808,4137.2,0.2
35201508,740,4407.4,0.17
35201509,568,4339.2,0.13
35201510,536,2836,0.19
35201511,603,2914.5,0.21
35201512,603,2761,0.22
35201513,610,3865.7,0.16
35201514,723,4228.1,0.17
35201515,611,3440.3,0.18
35201516,658,2929.7,0.22
35201517,538,3029.3,0.18
35201518,493,4210.1,0.12
35201519,1107,6931.7,0.16
35201520,617,1746.9,0.35
35201521,593,3363.6,0.18
35201522,513,3008.8,0.17
35201523,397,3507.1,0.11
35201524,525,4335.3,0.12
35201525,473,4182.1,0.11
35201526,1549,2485.6,0.62
35201532,456,2330.1,0.2
35201541,637,5217,0.12
35201542,553,4792,0.12
35201543,513,6477.3,0.08
35201544,464,5821.8,0.08
35201545,587,7211.3,0.08
35201547,641,5386.6,0.12
35201548,457,4644.3,0.1
35201552,536,6961,0.08
35201553,563,9095.3,0.06
35201554,548,5702.4,0.1
35201555,605,5954.7,0.1
35201556,661,4180.9,0.16
35201557,499,14633.4,0.03
35201558,597,5916.7,0.1
35201559,590,7994.6,0.07
35201560,437,6103.4,0.07
35201563,353,5567.8,0.06
35201564,422,5133.8,0.08
35201565,464,7171.6,0.06
35201566,445,4009,0.11
35201567,507,4642.9,0.11
35201568,527,6106.6,0.09
35201569,437,3850.2,0.11
35201570,354,5421.1,0.07
35201571,476,3892.1,0.12
35201572,464,2871.3,0.16
35201573,1170,13494.8,0.09
35201574,448,5264.4,0.09
35201575,670,6627.1,0.1
35201576,396,1595.5,0.25
35201577,447,4177.6,0.11
35201578,394,4513.2,0.09
35201579,1078,10845.1,0.1
35201580,357,6586.7,0.05
35201581,731,6762.3,0.11
35201582,366,1125.5,0.33
35201583,738,1741.4,0.42
35201584,493,4881.2,0.1
35201585,473,5005.3,0.09
35201586,438,5673.6,0.08
35201587,498,2660.3,0.19
35201588,608,6406.7,0.09
35201589,689,4751.7,0.15
35201590,571,693,0.82
35201591,620,5299.1,0.12
35201592,410,3961.4,0.1
35201593,370,854.7,0.43
35201594,420,4590.2,0.09
35201595,487,1134.4,0.43
35201596,712,4623.4,0.15
35201597,617,1209.8,0.51
35201598,393,3245.3,0.12
35201599,536,4230.5,0.13
35201600,537,2254.4,0.24
35201601,709,3407,0.21
35201602,388,3225.3,0.12
35201603,459,3728.7,0.12
35201604,501,3859.8,0.13
35201605,387,4002.1,0.1
35201607,832,2763.2,0.3
35201608,443,3799.3,0.12
35201609,351,3133.9,0.11
35201610,1313,3052.1,0.43
35201611,458,2679.9,0.17
35201612,382,3432.2,0.11
35201613,398,7197.1,0.06
35201614,655,4416.7,0.15
35201615,468,3312.1,0.14
35201616,549,3839.2,0.14
35201617,1018,3188.2,0.32
35201620,800,7554.3,0.11
35201621,298,8254.8,0.04
35201622,456,3562.5,0.13
35201623,1338,11655.1,0.11
35201624,430,3762,0.11
35201625,575,2638.8,0.22
35201626,327,3084.9,0.11
35201627,379,3665.4,0.1
35201629,316,3695.9,0.09
35201630,443,4373.1,0.1
35201631,743,3253.1,0.23
35201632,334,3791.1,0.09
35201634,350,3158.8,0.11
35201635,409,3504.7,0.12
35201636,383,3530,0.11
35201641,1710,7276.6,0.24
35201647,596,3072.2,0.19
35201648,524,3204.9,0.16
35201649,521,3110.4,0.17
35201650,391,3551.3,0.11
35201652,543,2178.1,0.25
35201653,428,2185.9,0.2
35201654,470,2963.4,0.16
35201656,422,3197,0.13
35201657,471,2191.7,0.21
35201658,482,2958.9,0.16
35201659,525,3528.2,0.15
35201660,493,3440.3,0.14
35201661,671,3851.9,0.17
35201662,517,2141.7,0.24
35201663,3539,990.8,3.57
35201664,1713,1575.3,1.09
35201665,659,693.6,0.95
35201666,490,2600.8,0.19
35201667,861,1784.8,0.48
35201670,494,2433.5,0.2
35201672,534,6944.1,0.08
35201673,406,5286.5,0.08
35201674,749,3191.3,0.23
35201675,729,5045,0.14
35201676,787,3273.7,0.24
35201690,950,3648.2,0.26
35201691,566,916.2,0.62
35201692,944,2901,0.33
35201693,1033,2663.1,0.39
35201694,669,2897.4,0.23
35201695,532,9888.5,0.05
35201696,1476,1826.7,0.81
35201697,476,2578.5,0.18
35201698,583,6413.6,0.09
35201699,497,1949,0.26
35201700,708,2521.4,0.28
35201701,561,1630.3,0.34
35201702,521,2900.9,0.18
35201703,609,2466.6,0.25
35201704,437,1653.4,0.26
35201705,505,3200.3,0.16
35201706,471,2155.6,0.22
35201707,490,1526.5,0.32
35201708,546,2568.2,0.21
35201709,306,3090.9,0.1
35201710,436,2827.5,0.15
35201711,463,1449.1,0.32
35201712,370,2769.5,0.13
35201713,442,1970.6,0.22
35201714,1299,9077.6,0.14
35201717,571,4464.4,0.13
35201718,503,2910.9,0.17
35201719,512,2371.5,0.22
35201720,588,2689.8,0.22
35201721,412,7518.2,0.05
35201722,1032,10672.2,0.1
35201723,428,8152.4,0.05
35201724,394,3821.5,0.1
35201725,861,2860.5,0.3
35201726,423,3671.9,0.12
35201728,1283,18433.9,0.07
35201730,415,3296.3,0.13
35201731,466,1608.6,0.29
35201732,696,4147.8,0.17
35201734,493,3220.1,0.15
35201735,484,9877.6,0.05
35201736,1685,21911.6,0.08
35201737,650,4371.2,0.15
35201738,472,2704.9,0.17
35201739,459,2822.9,0.16
35201740,568,3290.8,0.17
35201741,489,2940.5,0.17
35201744,1856,9872.3,0.19
35201748,1352,14429,0.09
35201749,412,2776.3,0.15
35201750,465,2394.4,0.19
35201751,299,4223.2,0.07
35201752,267,3490.2,0.08
35201753,254,2001.6,0.13
35201754,303,3778.1,0.08
35201755,526,2970.1,0.18
35201756,676,3851.9,0.18
35201757,385,3440.6,0.11
35201758,540,747.6,0.72
35201759,714,3244,0.22
35201760,442,4682.2,0.09
35201761,515,6350.2,0.08
35201762,836,293.7,2.85
35201779,2723,5237.5,0.52
35201781,404,3646.2,0.11
35201782,231,5593.2,0.04
35201783,388,5590.8,0.07
35201784,888,9098.4,0.1
35201785,617,7327.8,0.08
35201786,435,3477.2,0.13
35201787,498,2751.4,0.18
35201788,415,2117.3,0.2
35201789,984,9069.1,0.11
35201790,373,4986.6,0.07
35201791,704,4053,0.17
35201792,383,3037.3,0.13
35201793,285,2357.3,0.12
35201802,433,2880.9,0.15
35201803,343,2818.4,0.12
35201804,446,3506.3,0.13
35201805,664,3638.4,0.18
35201806,528,2200.9,0.24
35201807,625,2448.1,0.26
35201816,444,2236.8,0.2
35201817,444,1075.1,0.41
35201818,493,1607.4,0.31
35201819,400,4145.1,0.1
35201820,524,3878.6,0.14
35201821,2894,5006.1,0.58
35201822,944,5812.8,0.16
35201823,422,2708.6,0.16
35201824,445,3105.4,0.14
35201825,705,1984.8,0.36
35201826,300,4392.4,0.07
35201827,434,3469.2,0.13
35201828,446,4826.8,0.09
35201829,469,3252.4,0.14
35201830,451,3551.2,0.13
35201831,330,2983.7,0.11
35201832,290,4915.3,0.06
35201833,461,4708.9,0.1
35201834,444,3205.8,0.14
35201835,1263,6391.7,0.2
35201838,575,4231.1,0.14
35201839,459,4613.1,0.1
35201840,574,503.1,1.14
35201841,664,5274,0.13
35201842,599,4185.9,0.14
35201843,487,5236.6,0.09
35201844,544,3950.6,0.14
35201845,444,3288.9,0.14
35201846,648,1652.2,0.39
35201847,421,4091.4,0.1
35201848,387,4494.8,0.09
35201849,738,10557.9,0.07
35201850,453,4107,0.11
35201851,1144,4351.5,0.26
35201852,339,919.2,0.37
35201853,716,12156.2,0.06
35201854,1799,5079.1,0.35
35201855,374,4527.8,0.08
35201856,1267,5806.6,0.22
35201857,1119,13547.2,0.08
35201858,517,4990.3,0.1
35201859,542,3393.9,0.16
35201860,654,2140.8,0.31
35201861,426,3759.9,0.11
35201862,624,3486,0.18
35201863,928,2574.2,0.36
35201864,622,8360.2,0.07
35201868,764,1831.3,0.42
35201869,421,5798.9,0.07
35201872,629,5198.3,0.12
35201874,1089,9758.1,0.11
35201875,1309,11729.4,0.11
35201876,1739,15624.4,0.11
35201877,258,3491.2,0.07
35201879,380,5212.6,0.07
35201880,546,1740.5,0.31
35201881,585,5362.1,0.11
35201882,509,2947.3,0.17
35201883,710,9317.6,0.08
35201884,450,6923.1,0.07
35201885,516,6179.6,0.08
35201886,555,4443.6,0.12
35201887,403,8292.2,0.05
35201888,890,3258.9,0.27
35201889,640,1877.9,0.34
35201890,892,181.9,4.9
35201892,1035,18221.8,0.06
35201893,468,5037.7,0.09
35201894,638,8025.2,0.08
35201895,421,1740.4,0.24
35201896,370,5709.9,0.06
35201900,464,292.8,1.58
35201901,421,6801.3,0.06
35201902,510,11971.8,0.04
35201903,1402,4502.2,0.31
35201904,609,5702.2,0.11
35201905,440,4508.2,0.1
35201906,359,3060.5,0.12
35201907,455,3711.3,0.12
35201908,515,4133.2,0.12
35201909,379,1283.9,0.3
35201912,482,8827.8,0.05
35201913,432,951.5,0.45
35201914,251,3959,0.06
35201915,379,3239.3,0.12
35201916,532,2580,0.21
35201917,440,2842.4,0.15
35201919,453,1090.3,0.42
35201920,1295,2211.8,0.59
35201935,466,3316.7,0.14
35201936,463,3537.1,0.13
35201937,499,3904.5,0.13
35201938,878,3980.1,0.22
35201939,473,552.2,0.86
35201940,406,2629.5,0.15
35201950,502,3245,0.15
35201951,610,3083.9,0.2
35201952,443,1843.5,0.24
35201953,536,3793.3,0.14
35201955,505,2567.4,0.2
35201958,601,972.6,0.62
35201959,692,5945,0.12
35201960,1027,17615.8,0.06
35201961,896,2911.9,0.31
35201962,553,3947.2,0.14
35201963,448,3335.8,0.13
35201964,466,2885.4,0.16
35201965,614,2626.2,0.23
35201966,572,2918.4,0.2
35201967,260,1321.8,0.2
35201968,388,2871.9,0.14
35201969,320,4238.4,0.08
35201970,455,6173.7,0.07
35201971,451,7631.1,0.06
35201972,1362,9252.7,0.15
35201973,756,6212,0.12
35201976,660,6991.5,0.09
35201977,1441,11574.3,0.12
35201979,531,3965.6,0.13
35201983,318,6022.7,0.05
35201984,627,8970,0.07
35201985,274,6682.9,0.04
35201986,390,4593.6,0.08
35201987,835,2029.7,0.41
35201988,303,7849.7,0.04
35201989,485,3708,0.13
35201992,376,9690.7,0.04
35201993,789,10633.4,0.07
35201996,463,6729.7,0.07
35201997,508,6968.4,0.07
35201998,504,6894.7,0.07
35201999,805,6440,0.13
35202000,550,6117.9,0.09
35202001,1420,13840.2,0.1
35202002,617,6802.6,0.09
35202003,1125,26849.6,0.04
35202004,815,2859.6,0.29
35202005,386,5251.7,0.07
35202006,357,3918.8,0.09
35202007,553,4763.1,0.12
35202013,1605,834.6,1.92
35202016,988,4634.1,0.21
35202017,3488,27748.6,0.13
35202018,1354,11107.5,0.12
35202019,507,38120.3,0.01
35202020,401,5914.5,0.07
35202021,717,15620.9,0.05
35202022,420,7420.5,0.06
35202023,1465,4258.7,0.34
35202024,872,2433.7,0.36
35202025,651,4331.3,0.15
35202026,484,7744,0.06
35202027,375,4130,0.09
35202028,269,1991.1,0.14
35202029,1101,3244,0.34
35202030,923,10098.5,0.09
35202031,846,10916.1,0.08
35202035,621,10543.3,0.06
35202036,1100,16692,0.07
35202037,339,2902.4,0.12
35202040,632,11107.2,0.06
35202042,1142,33005.8,0.03
35202045,433,11671.2,0.04
35202046,1000,5263.2,0.19
35202047,302,3582.4,0.08
35202048,370,2598.3,0.14
35202049,441,3602.9,0.12
35202050,1370,9288.1,0.15
35202051,793,37761.9,0.02
35202055,1281,23418.6,0.05
35202056,1051,3814.9,0.28
35202057,1172,2268.7,0.52
35202058,965,1338.6,0.72
35202059,722,2758.9,0.26
35202065,2078,27669.8,0.08
35202066,943,3545.1,0.27
35202067,258,7987.6,0.03
35202071,1099,8884.4,0.12
35202072,416,2810.8,0.15
35202075,539,4315.5,0.12
35202078,256,6863.3,0.04
35202079,301,6600.9,0.05
35202080,499,5968.9,0.08
35202084,402,4097.9,0.1
35202085,1212,15638.7,0.08
35202086,1349,28459.9,0.05
35202087,719,5986.7,0.12
35202088,747,7963.8,0.09
35202089,553,9584.1,0.06
35202090,459,1485.4,0.31
35202091,551,3944.2,0.14
35202094,407,4119.4,0.1
35202096,989,50459.2,0.02
35202097,465,1110.6,0.42
35202098,1652,227.5,7.26
35202100,391,4199.8,0.09
35202101,385,3896.8,0.1
35202102,611,4342.6,0.14
35202103,528,7741.9,0.07
35202104,525,5639.1,0.09
35202105,398,3812.3,0.1
35202106,571,3754.1,0.15
35202107,339,3234.7,0.1
35202108,1314,6826,0.19
35202109,991,5215.8,0.19
35202110,791,4590.8,0.17
35202111,538,3953,0.14
35202112,637,3393.7,0.19
35202113,585,2514,0.23
35202114,446,3430.8,0.13
35202115,510,3201.5,0.16
35202116,498,3884.6,0.13
35202117,646,4101.6,0.16
35202118,532,8024.1,0.07
35202119,932,20803.6,0.04
35202120,990,8439.9,0.12
35202121,568,5519.9,0.1
35202122,610,2226.3,0.27
35202123,625,4382.9,0.14
35202124,538,4103.7,0.13
35202125,763,7287.5,0.1
35202126,710,4826.6,0.15
35202127,548,5372.5,0.1
35202128,681,4013,0.17
35202129,538,7202.1,0.07
35202130,519,5986.2,0.09
35202131,844,12672.7,0.07
35202132,1661,13526.1,0.12
35202133,776,5639.5,0.14
35202134,728,4134,0.18
35202135,1132,6786.6,0.17
35202136,824,5403.3,0.15
35202137,564,4925.8,0.11
35202138,426,3167.3,0.13
35202139,540,3339.5,0.16
35202140,1766,2296.2,0.77
35202141,451,743.4,0.61
35202145,735,14244.2,0.05
35202147,728,19836.5,0.04
35202149,625,4867.6,0.13
35202150,465,5109.9,0.09
35202151,521,4775.4,0.11
35202152,2125,2827.7,0.75
35202153,506,4676.5,0.11
35202154,589,6678,0.09
35202155,571,5443.3,0.1
35202156,584,3035.3,0.19
35202157,397,710.5,0.56
35202158,449,2874.5,0.16
35202159,64,13.8,4.64
35202160,464,3180.3,0.15
35202161,884,3534.6,0.25
35202162,694,3731.2,0.19
35202163,638,4907.7,0.13
35202164,638,4775.4,0.13
35202165,929,3206.8,0.29
35202166,466,2788.7,0.17
35202167,463,1436.1,0.32
35202168,436,5343.1,0.08
35202169,492,7099.6,0.07
35202170,455,4066.1,0.11
35202171,336,5562.9,0.06
35202172,836,5547.4,0.15
35202173,816,2554.8,0.32
35202174,296,3859.2,0.08
35202175,379,3512.5,0.11
35202176,390,3454.4,0.11
35202177,585,3362.1,0.17
35202178,665,4679.8,0.14
35202179,560,17554.9,0.03
35202180,1073,14986,0.07
35202181,686,6141.5,0.11
35202183,523,2419.1,0.22
35202184,881,7014.3,0.13
35202185,192,4910.5,0.04
35202186,433,3137.7,0.14
35202187,498,1160.6,0.43
35202188,292,3472.1,0.08
35202189,452,5685.5,0.08
35202210,375,2018.3,0.19
35202211,289,5361.8,0.05
35202212,551,2340.7,0.24
35202213,560,7061.8,0.08
35202214,433,2154.2,0.2
35202215,510,7943.9,0.06
35202216,415,7255.2,0.06
35202217,409,5438.8,0.08
35202218,443,1467.9,0.3
35202222,611,10757,0.06
35202223,599,8116.5,0.07
35202224,307,8551.5,0.04
35202225,406,10518.1,0.04
35202226,464,8027.7,0.06
35202227,501,8697.9,0.06
35202228,508,5607.1,0.09
35202229,449,8392.5,0.05
35202230,388,5615.1,0.07
35202231,394,10765,0.04
35202232,559,8184.5,0.07
35202233,478,9192.3,0.05
35202234,625,6281.4,0.1
35202235,496,15746,0.03
35202236,479,11350.7,0.04
35202237,593,8850.7,0.07
35202238,496,11534.9,0.04
35202239,492,7235.3,0.07
35202240,561,9048.4,0.06
35202241,877,42572.8,0.02
35202242,564,10601.5,0.05
35202243,641,9131.1,0.07
35202244,504,9032.3,0.06
35202245,697,11169.9,0.06
35202246,396,8181.8,0.05
35202247,463,10065.2,0.05
35202248,449,6545.2,0.07
35202249,317,9906.3,0.03
35202251,467,11119,0.04
35202252,355,12369.3,0.03
35202254,460,2263.8,0.2
35202255,490,6786.7,0.07
35202256,514,6572.9,0.08
35202257,576,8228.6,0.07
35202258,492,7120.1,0.07
35202261,520,5670.7,0.09
35202262,739,12897,0.06
35202263,649,22150.2,0.03
35202264,686,42085.9,0.02
35202265,921,25654.6,0.04
35202266,664,18599.4,0.04
35202267,706,10202.3,0.07
35202268,614,8026.1,0.08
35202269,909,3306.7,0.27
35202270,518,7584.2,0.07
35202271,415,3204.6,0.13
35202272,625,5595.3,0.11
35202273,765,9250.3,0.08
35202274,799,17521.9,0.05
35202275,595,13048.2,0.05
35202276,672,3498.2,0.19
35202277,536,11143.5,0.05
35202278,611,5045.4,0.12
35202279,1280,8432.1,0.15
35202280,196,14961.8,0.01
35202281,597,6611.3,0.09
35202282,463,3960.7,0.12
35202283,543,3085.2,0.18
35202284,541,3063.4,0.18
35202285,1518,7635.8,0.2
35202286,309,2729.7,0.11
35202287,422,4663,0.09
35202288,318,3854.5,0.08
35202289,303,4654.4,0.07
35202290,1405,58057.9,0.02
35202293,467,2776.5,0.17
35202294,376,3813.4,0.1
35202295,526,360.2,1.46
35202296,470,732,0.64
35202297,486,3246.5,0.15
35202298,401,3462.9,0.12
35202299,531,3327.1,0.16
35202300,518,3009.9,0.17
35202301,545,3692.4,0.15
35202302,506,3862.6,0.13
35202303,461,6130.3,0.08
35202304,634,3290.1,0.19
35202305,667,6482,0.1
35202306,505,5299.1,0.1
35202307,427,7400.3,0.06
35202309,629,4945,0.13
35202310,436,3935,0.11
35202311,507,13814.7,0.04
35202316,949,38266.1,0.02
35202321,551,5027.4,0.11
35202322,520,7613.5,0.07
35202323,438,3953.1,0.11
35202324,383,3304.6,0.12
35202325,672,3913.8,0.17
35202326,528,5494.3,0.1
35202327,566,4198.8,0.13
35202328,548,4083.5,0.13
35202336,524,7062,0.07
35202337,469,6372.3,0.07
35202338,393,5543,0.07
35202339,481,14105.6,0.03
35202340,470,4417.3,0.11
35202341,538,5380,0.1
35202342,1009,4356.6,0.23
35202343,515,6429.5,0.08
35202344,545,7785.7,0.07
35202345,772,9884.8,0.08
35202346,590,15128.2,0.04
35202347,421,9700.5,0.04
35202348,508,2825.4,0.18
35202349,453,2529.3,0.18
35202350,692,2440.9,0.28
35202351,487,3669.9,0.13
35202352,482,3085.8,0.16
35202353,524,4576.4,0.11
35202354,426,7918.2,0.05
35202355,867,6618.3,0.13
35202356,516,8062.5,0.06
35202357,593,2342.9,0.25
35202358,477,5747,0.08
35202359,577,5156.4,0.11
35202360,551,5593.9,0.1
35202361,473,5875.8,0.08
35202362,299,9522.3,0.03
35202363,931,4182.4,0.22
35202364,428,3563.7,0.12
35202365,373,5000,0.07
35202366,415,6040.8,0.07
35202367,717,7227.8,0.1
35202368,524,7014.7,0.07
35202369,555,5954.9,0.09
35202370,546,7636.4,0.07
35202371,689,7802.9,0.09
35202372,490,6347.2,0.08
35202373,663,7940.1,0.08
35202374,651,7552.2,0.09
35202375,516,8203.5,0.06
35202376,712,8599,0.08
35202377,543,7107.3,0.08
35202378,773,5573.2,0.14
35202379,376,3249.8,0.12
35202380,476,4603.5,0.1
35202381,431,3333.3,0.13
35202382,642,3789.8,0.17
35202383,624,3602.8,0.17
35202384,608,3882.5,0.16
35202385,660,5414.3,0.12
35202386,1221,5626.7,0.22
35202387,570,5413.1,0.11
35202388,1155,5417.4,0.21
35202389,753,4833.1,0.16
35202390,397,5687.7,0.07
35202391,569,7370.5,0.08
35202392,918,4092.7,0.22
35202393,600,4930.2,0.12
35202394,438,5220.5,0.08
35202395,581,4342.3,0.13
35202396,439,3528.9,0.12
35202398,1207,1277.2,0.95
35202399,446,802.4,0.56
35202400,526,4009.1,0.13
35202401,609,5314.1,0.11
35202402,556,6116.6,0.09
35202403,1346,1342,1
35202404,599,10527.2,0.06
35202405,610,7019.6,0.09
35202406,911,6596.7,0.14
35202407,426,7947.8,0.05
35202408,587,2795.2,0.21
35202409,636,19449.5,0.03
35202413,398,528.6,0.75
35202414,276,2983.8,0.09
35202415,439,4258,0.1
35202416,405,3282,0.12
35202417,383,3234.8,0.12
35202418,435,3010.4,0.14
35202419,402,931.6,0.43
35202430,2135,12123.8,0.18
35202431,2821,51105.1,0.06
35202433,1836,5909.2,0.31
35202436,455,3266.3,0.14
35202439,503,3836.8,0.13
35202440,445,3250.5,0.14
35202441,667,3873.4,0.17
35202442,515,1490.2,0.35
35202443,1067,8071.1,0.13
35202446,328,1759.7,0.19
35202447,481,4589.7,0.1
35202448,283,3941.5,0.07
35202449,428,1109.4,0.39
35202450,305,2395.9,0.13
35202451,622,1672.9,0.37
35202452,279,3853.6,0.07
35202453,643,3250.8,0.2
35202454,806,2521.9,0.32
35202455,465,2354.4,0.2
35202456,364,3405.1,0.11
35202457,268,3175.4,0.08
35202458,348,2638.4,0.13
35202459,424,2819.1,0.15
35202460,397,3994,0.1
35202461,312,8020.6,0.04
35202462,1015,3788.7,0.27
35202466,657,1146.6,0.57
35202467,570,6761.6,0.08
35202468,886,644.1,1.38
35202469,763,8403.1,0.09
35202472,749,10013.4,0.07
35202475,576,11900.8,0.05
35202476,631,4184.4,0.15
35202477,570,7028.4,0.08
35202478,742,2311.5,0.32
35202479,525,6529.9,0.08
35202480,470,8117.4,0.06
35202481,434,1962.9,0.22
35202482,510,1978.3,0.26
35202483,1380,3327.7,0.41
35202484,266,7409.5,0.04
35202485,298,6898.1,0.04
35202486,432,3458.8,0.12
35202487,287,3766.4,0.08
35202491,549,1302.5,0.42
35202492,387,2818.6,0.14
35202493,348,3511.6,0.1
35202494,447,2136.7,0.21
35202495,376,2573.6,0.15
35202496,592,2341.8,0.25
35202497,445,3545.8,0.13
35202498,585,4639.2,0.13
35202499,650,4029.8,0.16
35202500,486,2741.1,0.18
35202501,984,7013.5,0.14
35202502,383,2428.7,0.16
35202503,550,4504.5,0.12
35202504,619,2501,0.25
35202507,383,3098.7,0.12
35202508,488,2988.4,0.16
35202509,520,2486.8,0.21
35202510,942,6469.8,0.15
35202511,699,2542.7,0.27
35202512,499,3467.7,0.14
35202513,446,2881.1,0.15
35202514,467,3467,0.13
35202515,552,2488.7,0.22
35202516,489,6897,0.07
35202517,518,7057.2,0.07
35202522,508,10180.4,0.05
35202523,511,5125.4,0.1
35202529,1006,22013.1,0.05
35202534,1003,7998.4,0.13
35202535,513,2963.6,0.17
35202547,837,3295.3,0.25
35202548,479,2506.5,0.19
35202549,468,2366,0.2
35202550,534,10595.2,0.05
35202551,464,2726.2,0.17
35202553,1000,17123.3,0.06
35202554,970,6963.4,0.14
35202555,863,17941.8,0.05
35202560,416,1873.9,0.22
35202564,615,1549.1,0.4
35202565,680,3738.3,0.18
35202566,852,3015.9,0.28
35202567,779,3813,0.2
35202568,925,4270.5,0.22
35202569,825,5943.8,0.14
35202570,586,1646.1,0.36
35202571,653,1745.5,0.37
35202572,664,4474.4,0.15
35202573,608,2445.7,0.25
35202574,466,3084.1,0.15
35202575,561,3074,0.18
35202576,565,3239.7,0.17
35202577,514,3386,0.15
35202583,663,3656.9,0.18
35202584,431,2234.3,0.19
35202585,636,2843.1,0.22
35202586,521,3125.4,0.17
35202587,617,3408.8,0.18
35202588,325,2690.4,0.12
35202589,1025,4380.3,0.23
35202590,411,2948.4,0.14
35202591,916,3698,0.25
35202592,439,822.4,0.53
35202593,468,9531.6,0.05
35202594,349,5444.6,0.06
35202597,503,4181.2,0.12
35202598,361,3975.8,0.09
35202599,585,2856.4,0.2
35202600,453,2924.5,0.15
35202605,551,5793.9,0.1
35202606,627,4188.4,0.15
35202608,806,1503.5,0.54
35202611,421,1918.9,0.22
35202612,682,2150.7,0.32
35202613,650,1636.5,0.4
35202614,485,3003.1,0.16
35202615,436,2564.7,0.17
35202616,550,2770.8,0.2
35202617,539,2467.9,0.22
35202618,676,11304.3,0.06
35202619,616,2454.2,0.25
35202620,1876,4535.8,0.41
35202621,481,2530.2,0.19
35202622,437,2190.5,0.2
35202623,237,2814.7,0.08
35202627,394,5281.5,0.07
35202628,1647,8433.2,0.2
35202629,452,630.7,0.72
35202630,536,408.7,1.31
35202636,488,4586.5,0.11
35202637,528,5047.8,0.1
35202638,523,5902.9,0.09
35202639,469,5840.6,0.08
35202640,905,8660.3,0.1
35202641,735,7074.1,0.1
35202642,502,6802.2,0.07
35202643,503,5588.9,0.09
35202644,515,4217.9,0.12
35202645,436,5221.6,0.08
35202646,615,3613.4,0.17
35202647,699,8175.4,0.09
35202648,573,9744.9,0.06
35202649,701,9187.4,0.08
35202650,795,8972.9,0.09
35202653,353,4066.8,0.09
35202654,1355,50371.7,0.03
35202655,904,29350.6,0.03
35202656,727,38465.6,0.02
35202657,537,26984.9,0.02
35202666,2063,26757.5,0.08
35202669,1051,34916.9,0.03
35202670,801,26700,0.03
35202671,2297,59817.7,0.04
35202672,436,5721.8,0.08
35202673,1200,40268.5,0.03
35202674,1289,21959.1,0.06
35202675,556,5933.8,0.09
35202676,688,6358.6,0.11
35202677,525,6670.9,0.08
35202678,439,7138.2,0.06
35202679,592,8154.3,0.07
35202680,450,6198.3,0.07
35202681,474,5308,0.09
35202682,711,8286.7,0.09
35202683,466,4779.5,0.1
35202684,567,5710,0.1
35202685,515,5244.4,0.1
35202686,469,4236.7,0.11
35202687,549,8714.3,0.06
35202688,631,6247.5,0.1
35202689,575,6453.4,0.09
35202690,475,4712.3,0.1
35202691,609,5323.4,0.11
35202694,876,3364.1,0.26
35202695,447,2191.2,0.2
35202699,313,217.8,1.44
35202700,611,4210.9,0.15
35202701,506,3359.9,0.15
35202702,2354,1376.2,1.71
35202703,420,3703.7,0.11
35202704,438,1920.2,0.23
35202705,1401,13775.8,0.1
35202706,543,13440.6,0.04
35202707,716,4667.5,0.15
35202712,841,6494.2,0.13
35202722,1435,925.9,1.55
35202727,604,16966.3,0.04
35202733,1944,23736.3,0.08
35202735,1479,13408.9,0.11
35202736,967,11403.3,0.08
35202739,716,1119.6,0.64
35202741,457,4815.6,0.09
35202742,385,2945.7,0.13
35202743,935,31802.7,0.03
35202744,523,11752.8,0.04
35202745,525,3158.8,0.17
35202746,466,4799.2,0.1
35202747,669,2502.8,0.27
35202748,908,5989.4,0.15
35202749,327,3856.1,0.08
35202750,818,7637.7,0.11
35202751,377,2375.6,0.16
35202752,451,3360.7,0.13
35202753,465,2232.4,0.21
35202756,481,1131,0.43
35202757,411,788.9,0.52
35202758,459,1740,0.26
35202760,727,2181.9,0.33
35202761,409,2457.9,0.17
35202762,972,2949,0.33
35202763,427,3775.4,0.11
35202764,423,2627.3,0.16
35202765,569,1869.9,0.3
35202767,479,1108,0.43
35202768,862,3522.7,0.24
35202769,525,7489.3,0.07
35202770,614,664.3,0.92
35202771,578,3585.6,0.16
35202772,605,5131.5,0.12
35202773,595,5699.2,0.1
35202774,537,5676.5,0.09
35202775,504,5261,0.1
35202776,584,2119,0.28
35202777,572,2908,0.2
35202778,609,3686.4,0.17
35202779,436,6237.5,0.07
35202787,553,4142.3,0.13
35202788,1039,7600.6,0.14
35202789,498,5583,0.09
35202790,1122,15736.3,0.07
35202791,610,18654.4,0.03
35202792,390,10803.3,0.04
35202797,584,8190.7,0.07
35202798,726,8259.4,0.09
35202799,422,13569.1,0.03
35202800,457,13806.6,0.03
35202801,743,13315.4,0.06
35202802,501,3929.4,0.13
35202803,553,5513.5,0.1
35202804,960,6921.4,0.14
35202805,641,3255.5,0.2
35202806,919,5910,0.16
35202807,769,4824.3,0.16
35202808,523,6863.5,0.08
35202809,331,1700.1,0.19
35202810,393,4415.7,0.09
35202811,828,6688.2,0.12
35202812,564,6344.2,0.09
35202813,437,6723.1,0.07
35202814,324,3145.6,0.1
35202817,1798,35254.9,0.05
35202818,1728,12781.1,0.14
35202819,1016,11705.1,0.09
35202820,1328,11029.9,0.12
35202821,932,35303,0.03
35202823,855,9354.5,0.09
35202840,322,3488.6,0.09
35202842,344,10424.2,0.03
35202843,453,9398.3,0.05
35202845,361,4993.1,0.07
35202846,290,10701.1,0.03
35202847,927,21116.2,0.04
35202848,701,24089.3,0.03
35202849,1134,29151.7,0.04
35202850,831,23879.3,0.03
35202878,499,3862.2,0.13
35202879,1343,3864.7,0.35
35202880,749,6973.9,0.11
35202881,483,3864,0.13
35202882,582,4446.1,0.13
35202883,315,5180.9,0.06
35202884,487,3661.7,0.13
35202886,439,3517.6,0.12
35202887,475,5944.9,0.08
35202888,493,4823.9,0.1
35202889,418,6111.1,0.07
35202890,641,7130.1,0.09
35202891,589,4359.7,0.14
35202892,315,4512.9,0.07
35202893,613,8820.1,0.07
35202894,709,12961.6,0.05
35202895,525,3766.1,0.14
35202896,427,3272,0.13
35202897,469,2579.8,0.18
35202898,443,2514.2,0.18
35202899,533,3405.8,0.16
35202900,725,7655.8,0.09
35202901,477,5010.5,0.1
35202902,478,7353.8,0.07
35202903,638,9845.7,0.06
35202904,533,7013.2,0.08
35202905,577,4991.3,0.12
35202906,913,6758,0.14
35202907,485,8362.1,0.06
35202910,387,5576.4,0.07
35202911,588,6712.3,0.09
35202912,656,6653.1,0.1
35202918,687,5749,0.12
35202919,570,7490.1,0.08
35202920,624,6347.9,0.1
35202928,917,4218,0.22
35202930,559,7269.2,0.08
35202931,613,11415.3,0.05
35202932,504,5000,0.1
35202933,514,1287.3,0.4
35202935,633,7719.5,0.08
35202936,556,7864.2,0.07
35202937,656,8009.8,0.08
35202938,501,6028.9,0.08
35202939,701,7885.3,0.09
35202940,457,3783.1,0.12
35202941,493,5961.3,0.08
35202942,613,6160.8,0.1
35202943,764,9106.1,0.08
35202944,798,6263.7,0.13
35202945,468,5126,0.09
35202946,611,3162.5,0.19
35202947,842,6260.2,0.13
35202948,386,5866.3,0.07
35202949,697,6039.9,0.12
35202950,575,5670.6,0.1
35202951,417,5751.7,0.07
35202952,497,5113.2,0.1
35202953,497,4117.6,0.12
35202954,511,4514.1,0.11
35202955,592,7589.7,0.08
35202965,897,2051.2,0.44
35202966,306,3938.2,0.08
35202967,474,3485.3,0.14
35202968,715,2062.9,0.35
35202969,936,4668.3,0.2
35202970,471,5136.3,0.09
35202971,616,2752.5,0.22
35202972,490,2692.3,0.18
35202973,416,2057.4,0.2
35202974,362,1522.3,0.24
35202975,341,2388,0.14
35202976,364,3513.5,0.1
35202977,273,3016.6,0.09
35202982,299,2009.4,0.15
35202983,525,6898.8,0.08
35202984,1147,9332.8,0.12
35202985,601,3077.3,0.2
35202986,539,5028,0.11
35202987,474,1960.3,0.24
35202988,451,3437.5,0.13
35202989,455,3039.4,0.15
35202990,941,32787.5,0.03
35202991,650,14739.2,0.04
35202992,585,1285.1,0.46
35202993,823,701,1.17
35202994,322,3213.6,0.1
35202995,350,2702.7,0.13
35202996,609,2953.4,0.21
35202997,631,2973.6,0.21
35202998,528,2228.8,0.24
35202999,510,3611.9,0.14
35203000,672,2452.6,0.27
35203001,530,3358.7,0.16
35203002,679,4300.2,0.16
35203003,569,2853.6,0.2
35203004,597,1373.4,0.43
35203005,577,2122.1,0.27
35203006,473,2147.1,0.22
35203007,611,1962.7,0.31
35203008,518,2854,0.18
35203009,426,2529.7,0.17
35203015,307,8057.7,0.04
35203016,658,4666.7,0.14
35203018,221,6260.6,0.04
35203026,686,21304.3,0.03
35203027,777,5029.1,0.15
35203028,457,7693.6,0.06
35203029,267,8668.8,0.03
35203030,394,7802,0.05
35203031,1013,4415.9,0.23
35203032,409,5000,0.08
35203033,391,6246,0.06
35203034,735,6385.8,0.12
35203035,633,5047.8,0.13
35203036,454,5934.6,0.08
35203037,532,7055.7,0.08
35203038,1050,2424.9,0.43
35203039,473,8240.4,0.06
35203040,359,8527.3,0.04
35203041,874,9765.4,0.09
35203042,629,315.9,1.99
35203043,418,4766.2,0.09
35203044,367,6230.9,0.06
35203045,555,6560.3,0.08
35203046,402,5432.4,0.07
35203047,593,175.4,3.38
35203048,515,5119.3,0.1
35203049,255,5821.9,0.04
35203050,378,9287.5,0.04
35203051,773,6865,0.11
35203052,177,5673.1,0.03
35203053,1176,9267.1,0.13
35203054,1079,6127.2,0.18
35203055,692,9505.5,0.07
35203056,1018,3231.7,0.32
35203057,1054,14301.2,0.07
35203058,590,5613.7,0.11
35203059,302,4696.7,0.06
35203060,280,5668,0.05
35203061,637,3062.5,0.21
35203064,497,3427.6,0.15
35203071,361,5841.4,0.06
35203072,400,2779.7,0.14
35203073,364,4213,0.09
35203074,567,1216.5,0.47
35203075,711,6215,0.11
35203077,344,5657.9,0.06
35203079,264,4217.3,0.06
35203080,295,7338.3,0.04
35203081,344,6003.5,0.06
35203082,363,6994.2,0.05
35203086,934,4642.1,0.2
35203087,527,4399,0.12
35203093,682,944.5,0.72
35203094,542,3358.1,0.16
35203095,648,4042.4,0.16
35203096,763,4533.6,0.17
35203097,556,5086.9,0.11
35203098,468,2635.1,0.18
35203102,381,3611.4,0.11
35203105,387,3650.9,0.11
35203107,719,1243.3,0.58
35203108,652,3753.6,0.17
35203109,690,4575.6,0.15
35203110,576,5236.4,0.11
35203111,550,2447.7,0.22
35203112,459,3597.2,0.13
35203113,272,3612.2,0.08
35203126,608,4002.6,0.15
35203127,905,1546.5,0.59
35203128,367,4453.9,0.08
35203129,394,7490.5,0.05
35203130,449,8361.3,0.05
35203131,1258,13131.5,0.1
35203132,476,11442.3,0.04
35203133,336,13827.2,0.02
35203134,405,6469.6,0.06
35203135,496,3507.8,0.14
35203136,469,3354.8,0.14
35203137,757,2592.5,0.29
35203138,392,966.7,0.41
35203139,530,4099,0.13
35203140,752,4387.4,0.17
35203141,442,2323.9,0.19
35203142,478,2836.8,0.17
35203143,558,3159.7,0.18
35203144,544,15498.6,0.04
35203146,1000,1678.4,0.6
35203147,891,4818.8,0.18
35203148,483,4735.3,0.1
35203149,1085,11481.5,0.09
35203150,484,5810.3,0.08
35203151,477,6292.9,0.08
35203152,607,3213.3,0.19
35203153,601,6208.7,0.1
35203154,501,7731.5,0.06
35203156,374,28333.3,0.01
35203157,7939,20679.9,0.38
35203160,2469,18761.4,0.13
35203161,567,5499.5,0.1
35203162,972,16227,0.06
35203163,618,9279.3,0.07
35203167,288,11566.3,0.02
35203170,521,13674.5,0.04
35203174,620,195.4,3.17
35203175,2543,3086.2,0.82
35203176,3076,8726.2,0.35
35203177,1235,5954.7,0.21
35203183,556,2526.1,0.22
35203184,465,9687.5,0.05
35203185,0,0,0.31
35203190,1387,6690.8,0.21
35203191,280,10937.5,0.03
35203192,530,10392.2,0.05
35203193,411,6544.6,0.06
35203194,599,9661.3,0.06
35203195,646,17412.4,0.04
35203196,298,11732.3,0.03
35203197,487,9154.1,0.05
35203198,336,12398.5,0.03
35203199,892,20226.8,0.04
35203200,770,9436.3,0.08
35203201,511,10668.1,0.05
35203202,404,8595.7,0.05
35203203,333,13007.8,0.03
35203204,349,9561.6,0.04
35203208,400,9925.6,0.04
35203209,614,10848.1,0.06
35203210,330,11224.5,0.03
35203211,334,11170.6,0.03
35203212,423,5724,0.07
35203213,555,7341.3,0.08
35203214,394,4764.2,0.08
35203216,456,6705.9,0.07
35203217,559,8972.7,0.06
35203218,614,11307.6,0.05
35203219,386,9168.6,0.04
35203220,398,9453.7,0.04
35203221,552,8679.2,0.06
35203222,565,8968.3,0.06
35203223,222,11871.7,0.02
35203224,461,4248.8,0.11
35203225,479,10961.1,0.04
35203226,530,9331,0.06
35203227,498,11241.5,0.04
35203228,583,9864.6,0.06
35203229,501,5463.5,0.09
35203230,655,1901.3,0.34
35203231,745,9612.9,0.08
35203232,704,12893.8,0.05
35203233,642,8991.6,0.07
35203234,704,10476.2,0.07
35203235,569,6790,0.08
35203236,642,7763,0.08
35203237,616,7113.2,0.09
35203238,478,5322.9,0.09
35203239,665,6412.7,0.1
35203240,826,6281.4,0.13
35203241,537,7660.5,0.07
35203242,569,6266.5,0.09
35203243,468,4751.3,0.1
35203244,413,775.3,0.53
35203245,462,5298.2,0.09
35203246,418,4409.3,0.09
35203247,637,4888.7,0.13
35203248,491,5504.5,0.09
35203249,535,4846,0.11
35203250,584,6186.4,0.09
35203251,529,6563.3,0.08
35203252,585,2529.2,0.23
35203253,462,3372.3,0.14
35203254,430,6151.6,0.07
35203255,539,4614.7,0.12
35203256,544,5945.4,0.09
35203257,693,1378,0.5
35203258,523,3194.9,0.16
35203259,591,2426.1,0.24
35203260,448,6318.8,0.07
35203261,670,3476.9,0.19
35203263,436,5422.9,0.08
35203264,573,6781.1,0.08
35203265,466,4263.5,0.11
35203266,443,3930.8,0.11
35203267,504,4980.2,0.1
35203268,772,3280.9,0.24
35203269,518,5307.4,0.1
35203270,81,1219.9,0.07
35203271,523,4789.4,0.11
35203273,1461,2788.7,0.52
35203274,773,14368,0.05
35203275,882,9899,0.09
35203276,576,3388.2,0.17
35203277,445,3503.9,0.13
35203278,491,3884.5,0.13
35203279,648,2435.2,0.27
35203280,455,3529.9,0.13
35203281,444,2579.9,0.17
35203282,430,2687.5,0.16
35203283,572,4863.9,0.12
35203284,407,832.3,0.49
35203285,505,2681.9,0.19
35203286,667,4042.4,0.17
35203287,425,2659.6,0.16
35203288,1050,3170.3,0.33
35203289,695,4483.9,0.16
35203290,572,14300,0.04
35203291,976,25549.7,0.04
35203292,360,5834.7,0.06
35203293,184,5068.9,0.04
35203294,619,4498.5,0.14
35203296,298,1673.2,0.18
35203297,516,3474.7,0.15
35203298,517,5706.4,0.09
35203299,469,4008.5,0.12
35203300,437,4072.7,0.11
35203301,494,4819.5,0.1
35203314,562,2284.6,0.25
35203315,393,3524.7,0.11
35203316,425,3849.6,0.11
35203317,528,2549.5,0.21
35203318,645,2831.4,0.23
35203321,377,2578.7,0.15
35203322,612,2211,0.28
35203323,418,1963.4,0.21
35203324,567,2030.8,0.28
35203330,1061,482272.7,0
35203331,854,11401.9,0.07
35203332,439,4299.7,0.1
35203333,710,2898,0.25
35203334,447,4289.8,0.1
35203337,350,3623.2,0.1
35203338,408,5125.6,0.08
35203339,413,4469.7,0.09
35203340,1838,2517.8,0.73
35203342,1399,9222.1,0.15
35203344,294,3670.4,0.08
35203345,595,6350.1,0.09
35203346,433,3883.4,0.11
35203347,382,6920.3,0.06
35203348,883,17874.5,0.05
35203350,929,11384.8,0.08
35203351,603,5266.4,0.11
35203352,444,4489.4,0.1
35203353,469,3638.5,0.13
35203354,545,5220.3,0.1
35203355,489,5332.6,0.09
35203356,517,5206.4,0.1
35203357,349,5162.7,0.07
35203358,468,5211.6,0.09
35203359,461,4827.2,0.1
35203360,260,4850.7,0.05
35203361,524,2114.6,0.25
35203362,314,2548.7,0.12
35203363,344,3191.1,0.11
35203370,621,4968,0.13
35203371,1728,18782.6,0.09
35203372,1472,13479.9,0.11
35203373,345,4726,0.07
35203374,609,3498,0.17
35203375,308,4167.8,0.07
35203376,248,1299.8,0.19
35203377,555,4233.4,0.13
35203378,642,2810.9,0.23
35203379,541,3785.9,0.14
35203380,480,4660.2,0.1
35203381,495,4768.8,0.1
35203382,446,2212.3,0.2
35203383,389,3247.1,0.12
35203384,536,4177.7,0.13
35203385,425,2970,0.14
35203386,631,3286.5,0.19
35203387,543,4701.3,0.12
35203388,501,3824.4,0.13
35203389,454,4283,0.11
35203391,426,3588.9,0.12
35203392,251,255.7,0.98
35203393,936,2412.4,0.39
35203394,857,1387,0.62
35203395,577,4608.6,0.13
35203396,453,7864.6,0.06
35203399,535,3654.4,0.15
35203400,367,3622.9,0.1
35203401,280,4307.7,0.07
35203402,382,11682,0.03
35203403,2382,1530.8,1.56
35203404,2170,7706,0.28
35203405,1055,16988.7,0.06
35203406,1521,5890.8,0.26
35203407,585,10893.9,0.05
35203408,1958,4998.7,0.39
35203409,430,3082.4,0.14
35203410,415,4917.1,0.08
35203411,1441,3659.2,0.39
35203412,564,4653.5,0.12
35203413,401,4316.5,0.09
35203414,533,4322.8,0.12
35203415,409,4524.3,0.09
35203416,654,4592.7,0.14
35203417,560,5077.1,0.11
35203418,624,5270.3,0.12
35203419,626,7287.5,0.09
35203420,729,3964.1,0.18
35203421,740,2346.2,0.32
35203422,483,2771.1,0.17
35203423,578,5160.7,0.11
35203427,582,3350.6,0.17
35203435,776,12805.3,0.06
35203439,607,4411.3,0.14
35203440,602,5004.2,0.12
35203441,483,4270.6,0.11
35203442,265,4592.7,0.06
35203443,479,5068.8,0.09
35203444,637,4520.9,0.14
35203445,593,7487.4,0.08
35203446,567,8042.6,0.07
35203447,651,4650,0.14
35203448,961,25356.2,0.04
35203449,1151,8779.6,0.13
35203450,627,9889.6,0.06
35203451,598,2164.3,0.28
35203452,941,5933.2,0.16
35203458,565,5255.8,0.11
35203461,614,4811.9,0.13
35203462,539,4765.7,0.11
35203463,469,3410.9,0.14
35203465,1326,3320,0.4
35203466,1430,8598.9,0.17
35203467,466,4485.1,0.1
35203468,539,5949.2,0.09
35203469,487,6211.7,0.08
35203470,846,18232.8,0.05
35203471,590,26576.6,0.02
35203472,693,5294.1,0.13
35203479,427,7951.6,0.05
35203480,491,7671.9,0.06
35203482,2434,1681.9,1.45
35203483,670,3491.4,0.19
35203484,627,765.3,0.82
35203485,399,7000,0.06
35203486,811,9195,0.09
35203489,646,4040,0.16
35203490,597,5354.3,0.11
35203491,593,3886,0.15
35203492,504,1582.4,0.32
35203493,562,4411.3,0.13
35203494,583,3878.9,0.15
35203495,470,6010.2,0.08
35203496,512,3608.2,0.14
35203498,607,4574.2,0.13
35203501,511,6914.7,0.07
35203502,556,2874.9,0.19
35203503,4167,4503.4,0.93
35203504,237,2294.3,0.1
35203505,509,6154.8,0.08
35203506,520,5983.9,0.09
35203507,398,3631.4,0.11
35203508,564,4472.6,0.13
35203509,802,4633.2,0.17
35203510,415,10024.2,0.04
35203511,535,6045.2,0.09
35203512,597,4396.2,0.14
35203513,572,8719.5,0.07
35203519,984,4029.5,0.24
35203520,2766,8142.5,0.34
35203521,1483,4024.4,0.37
35203522,812,5850.1,0.14
35203523,386,5202.2,0.07
35203524,431,3624.9,0.12
35203525,483,4464,0.11
35203526,455,2750.9,0.17
35203527,870,854,1.02
35203528,535,3232.6,0.17
35203529,542,7612.4,0.07
35203530,526,6666.7,0.08
35203531,477,6030.3,0.08
35203532,629,583.8,1.08
35203533,451,3258.7,0.14
35203534,489,3198.2,0.15
35203535,500,4739.3,0.11
35203536,436,4128.8,0.11
35203537,523,4118.1,0.13
35203538,486,5651.2,0.09
35203539,433,3354,0.13
35203540,523,6324.1,0.08
35203541,801,3115.5,0.26
35203542,656,4350.1,0.15
35203543,572,4434.1,0.13
35203544,545,3623.7,0.15
35203545,561,4738.2,0.12
35203546,581,5201.4,0.11
35203547,552,7419.4,0.07
35203548,827,6631.9,0.12
35203552,624,4057.2,0.15
35203554,470,3403.3,0.14
35203561,1074,28793.6,0.04
35203566,958,499.7,1.92
35203567,670,5469.4,0.12
35203568,1012,1598.7,0.63
35203569,465,3862.1,0.12
35203570,629,3732.9,0.17
35203571,472,3725.3,0.13
35203572,406,3980.4,0.1
35203573,665,2986.1,0.22
35203574,640,2190.3,0.29
35203575,595,4391.1,0.14
35203576,500,5071,0.1
35203577,439,2474.6,0.18
35203578,512,4452.2,0.12
35203579,455,4582.1,0.1
35203580,961,19896.5,0.05
35203581,339,2418,0.14
35203584,677,19510.1,0.03
35203585,465,6326.5,0.07
35203586,430,2636.4,0.16
35203587,515,1741.6,0.3
35203588,570,4505.9,0.13
35203589,686,4917.6,0.14
35203590,1380,5820.3,0.24
35203591,1019,16382.6,0.06
35203592,377,2421.3,0.16
35203593,301,1760.2,0.17
35203594,811,2624.6,0.31
35203595,588,4689,0.13
35203596,321,4458.3,0.07
35203597,452,3711,0.12
35203599,815,4319,0.19
35203600,392,1269.8,0.31
35203604,735,4040.7,0.18
35203605,719,5154.1,0.14
35203606,528,5274.7,0.1
35203607,757,2661.7,0.28
35203608,615,3028.1,0.2
35203610,771,2053.3,0.38
35203611,422,3653.7,0.12
35203612,512,2460.4,0.21
35203613,937,2438.2,0.38
35203614,374,5060.9,0.07
35203615,398,874.7,0.46
35203616,564,5662.7,0.1
35203617,984,21025.6,0.05
35203618,2437,14506,0.17
35203619,543,4775.7,0.11
35203620,981,992.9,0.99
35203621,1118,9637.9,0.12
35203622,1084,8665.1,0.13
35203623,936,725.9,1.29
35203626,477,3028.6,0.16
35203627,679,2302.5,0.29
35203628,414,4709.9,0.09
35203629,250,4258.9,0.06
35203630,309,420.3,0.74
35203631,417,4141,0.1
35203632,545,1173.1,0.46
35203633,417,2756.1,0.15
35203634,536,2595.6,0.21
35203635,587,5971.5,0.1
35203636,762,3557.4,0.21
35203637,406,6485.6,0.06
35203640,385,2349,0.16
35203641,325,3336.8,0.1
35203649,0,0,0.18
35203650,1477,761.3,1.94
35203651,523,3865.5,0.14
35203652,391,4682.6,0.08
35203653,689,5804.5,0.12
35203654,478,5425.7,0.09
35203655,434,4340,0.1
35203656,673,838.5,0.8
35203657,465,4262.1,0.11
35203658,403,2935.2,0.14
35203659,998,9559.4,0.1
35203660,426,3014.9,0.14
35203661,723,2751.1,0.26
35203664,1078,10296.1,0.1
35203666,428,6416.8,0.07
35203668,624,3270.4,0.19
35203669,693,3264.2,0.21
35203670,829,3553.4,0.23
35203672,404,4177.9,0.1
35203673,257,4532.6,0.06
35203675,601,3775.1,0.16
35203676,534,222,2.41
35203677,460,1000.2,0.46
35203678,234,3132.5,0.07
35203679,380,2178.9,0.17
35203680,460,2069.3,0.22
35203681,556,3349.4,0.17
35203682,754,2477.8,0.3
35203683,383,2534.7,0.15
35203684,1027,2546.5,0.4
35203685,448,1907.2,0.23
35203686,355,1126.6,0.32
35203687,747,1766.8,0.42
35203688,612,2582.3,0.24
35203689,570,2941.2,0.19
35203690,518,5807.2,0.09
35203691,1039,3531.6,0.29
35203692,528,3787.7,0.14
35203693,583,7092.5,0.08
35203694,523,7029.6,0.07
35203695,613,2821,0.22
35203696,504,8064,0.06
35203697,355,6974.5,0.05
35203698,529,4350.3,0.12
35203699,528,553.1,0.95
35203700,586,695.4,0.84
35203701,417,2175.3,0.19
35203703,541,5971.3,0.09
35203704,402,6213.3,0.06
35203705,366,8008.8,0.05
35203708,1142,5985.3,0.19
35203709,1020,10099,0.1
35203710,514,7070.2,0.07
35203711,385,7825.2,0.05
35203712,400,4197.3,0.1
35203713,661,592.2,1.12
35203714,609,5511.3,0.11
35203715,420,4154.3,0.1
35203716,887,12617.4,0.07
35203717,0,0,0.01
35203718,1682,2117.9,0.79
35203719,580,2447.3,0.24
35203720,589,2884.4,0.2
35203721,400,3127.4,0.13
35203722,524,2688.6,0.19
35203723,431,3649.4,0.12
35203724,510,3505.2,0.15
35203725,560,2458.3,0.23
35203726,488,3094.5,0.16
35203729,395,2474.9,0.16
35203730,465,6503.5,0.07
35203731,1669,4619.4,0.36
35203732,656,2776.1,0.24
35203733,500,4902,0.1
35203734,412,5936.6,0.07
35203735,394,3308.1,0.12
35203736,430,487.5,0.88
35203737,612,2362,0.26
35203738,537,3377.4,0.16
35203739,402,335.8,1.2
35203740,377,1895.4,0.2
35203743,509,6500.6,0.08
35203744,631,3552.9,0.18
35203745,865,2802.1,0.31
35203746,1115,2246.2,0.5
35203747,729,2855.5,0.26
35203748,363,2706.9,0.13
35203751,438,1938.1,0.23
35203752,933,3048,0.31
35203753,399,1837.9,0.22
35203754,702,1769.6,0.4
35203755,387,2571.4,0.15
35203756,491,4214.6,0.12
35203757,560,2660.3,0.21
35203758,462,4587.9,0.1
35203759,414,1987.5,0.21
35203760,450,2552.5,0.18
35203761,439,2608.4,0.17
35203762,541,3762.2,0.14
35203766,1286,6167.9,0.21
35203786,691,685.7,1.01
35203787,709,2523.1,0.28
35203788,928,570.8,1.63
35203789,288,3341.1,0.09
35203790,503,3195.7,0.16
35203791,269,3056.8,0.09
35203792,721,3574.6,0.2
35203793,384,9746.2,0.04
35203794,468,3890.3,0.12
35203796,482,4023.4,0.12
35203798,438,6656.5,0.07
35203799,705,9026.9,0.08
35203800,435,6397.1,0.07
35203801,481,4499.5,0.11
35203802,485,5359.1,0.09
35203803,521,7650.5,0.07
35203807,482,12050,0.04
35203808,415,10024.2,0.04
35203809,414,9904.3,0.04
35203810,543,9234.7,0.06
35203811,710,6448.7,0.11
35203812,873,14218.2,0.06
35203813,432,8323.7,0.05
35203815,635,7087.1,0.09
35203816,447,8097.8,0.06
35203817,645,6601.8,0.1
35203818,703,11088.3,0.06
35203819,411,9625.3,0.04
35203820,692,9571.2,0.07
35203828,458,10315.3,0.04
35203829,479,12313.6,0.04
35203830,578,7994.5,0.07
35203833,503,9195.6,0.05
35203834,742,12408,0.06
35203835,333,9487.2,0.04
35203836,372,7948.7,0.05
35203837,269,7577.5,0.04
35203838,479,7324.2,0.07
35203841,525,5423.6,0.1
35203842,556,14005,0.04
35203843,477,12389.6,0.04
35203844,617,14086.8,0.04
35203845,431,13140.2,0.03
35203846,344,3963.1,0.09
35203847,380,29921.3,0.01
35203848,547,1598.5,0.34
35203849,584,4798.7,0.12
35203850,1024,1817.2,0.56
35203851,290,8479.5,0.03
35203852,330,5254.8,0.06
35203853,331,6741.3,0.05
35203857,1966,46477.5,0.04
35203858,430,4663.8,0.09
35203859,351,20289,0.02
35203860,386,9772.2,0.04
35203861,334,24202.9,0.01
35203864,644,20125,0.03
35203865,525,7847.5,0.07
35203866,663,19217.4,0.03
35203867,492,4749,0.1
35203868,552,5679,0.1
35203869,513,2861.1,0.18
35203870,471,6615.2,0.07
35203871,460,6562.1,0.07
35203872,385,6427.4,0.06
35203873,257,3413,0.08
35203876,429,12363.1,0.03
35203877,509,10670.9,0.05
35203878,618,3775.2,0.16
35203880,362,6948.2,0.05
35203881,631,10177.4,0.06
35203882,390,6220.1,0.06
35203883,435,6551.2,0.07
35203884,481,5894.6,0.08
35203885,411,11742.9,0.04
35203886,460,6725.1,0.07
35203887,564,5674,0.1
35203888,757,5895.6,0.13
35203889,345,6521.7,0.05
35203890,490,9369,0.05
35203891,543,6638.1,0.08
35203892,560,9195.4,0.06
35203893,519,11715.6,0.04
35203895,490,5036,0.1
35203897,448,6037.7,0.07
35203898,541,7684.7,0.07
35203899,1125,20949.7,0.05
35203908,1227,8783.1,0.14
35203909,362,3418.3,0.11
35203910,348,3359.1,0.1
35203911,737,8987.8,0.08
35203912,820,54666.7,0.02
35203913,352,5886.3,0.06
35203914,1045,14493.8,0.07
35203915,1024,10098.6,0.1
35203916,762,4485,0.17
35203917,357,3867.8,0.09
35203919,220,8871,0.02
35203921,1095,4219.7,0.26
35203922,351,4317.3,0.08
35203925,1141,7793.7,0.15
35203926,260,9454.5,0.03
35203927,720,4832.2,0.15
35203928,826,7059.8,0.12
35203929,997,3572.2,0.28
35203930,1115,5198.1,0.21
35203931,352,7054.1,0.05
35203932,473,6240.1,0.08
35203933,1127,6254.2,0.18
35203936,343,8225.4,0.04
35203937,436,2192.1,0.2
35203938,362,8639.6,0.04
35203939,360,8551.1,0.04
35203940,702,6943.6,0.1
35203943,574,4823.5,0.12
35203945,1370,12863.8,0.11
35203946,4226,15565.4,0.27
35203947,2983,21966.1,0.14
35203948,2715,22217.7,0.12
35203951,1657,15917.4,0.1
35203953,1434,8255.6,0.17
35203954,7307,8815.3,0.83
35203955,1548,1799.6,0.86
35203958,1124,4481.7,0.25
35203959,1931,17996.3,0.11
35203960,2596,4419.5,0.59
35203961,3033,9650,0.31
35203962,697,11426.2,0.06
35203965,1234,17162.7,0.07
35203971,1849,23614.3,0.08
35203973,1037,1204.3,0.86
35203974,1042,19260.6,0.05
35203975,1749,12994.1,0.13
35203976,1878,14401.8,0.13
35203977,1324,23228.1,0.06
35203978,3921,12742.9,0.31
35203979,1343,6211.8,0.22
35203980,1872,11848.1,0.16
35203981,1507,7939.9,0.19
35203984,752,11842.5,0.06
35203986,2268,30240,0.08
35203987,868,17678.2,0.05
35203989,1634,3062.2,0.53
35203990,1030,7394.1,0.14
35203991,1021,11830.8,0.09
35203992,1477,8577.2,0.17
35203993,940,6155.9,0.15
35203994,1529,18899.9,0.08
35203995,1199,10536,0.11
35203997,999,11670.6,0.09
35203998,869,1248,0.7
35204001,1079,16104.5,0.07
35204003,665,7372.5,0.09
35204004,3291,37740.8,0.09
35204005,1554,7115.4,0.22
35204006,805,3416.8,0.24
35204007,1776,18271.6,0.1
35204009,1189,21657.6,0.05
35204010,1376,1652.5,0.83
35204011,1504,20716.3,0.07
35204012,860,3497.4,0.25
35204013,2133,44810.9,0.05
35204014,3335,15172.9,0.22
35204015,1549,18595.4,0.08
35204018,2653,23009.5,0.12
35204019,2145,32014.9,0.07
35204020,1947,42791.2,0.05
35204021,1050,29166.7,0.04
35204022,2119,11998.9,0.18
35204024,2952,42051.3,0.07
35204026,2145,14444.4,0.15
35204027,1322,22991.3,0.06
35204028,2478,10376.9,0.24
35204029,1076,3776.8,0.28
35204030,1495,7880.9,0.19
35204032,1512,3373.5,0.45
35204033,2035,12806.8,0.16
35204034,791,6619.2,0.12
35204035,3348,6931.7,0.48
35204036,2344,835.2,2.81
35204038,915,9631.6,0.1
35204039,1166,9003.9,0.13
35204040,839,5600.8,0.15
35204041,2333,8317.3,0.28
35204042,1680,9105.7,0.18
35204043,1934,26639.1,0.07
35204045,1502,26350.9,0.06
35204047,1300,771.6,1.68
35204049,6531,9694.2,0.67
35204052,2257,25161.6,0.09
35204053,2360,8686.1,0.27
35204054,1190,12948.9,0.09
35204055,2240,13625.3,0.16
35204056,1937,17869,0.11
35204057,1236,57757,0.02
35204058,1313,6324.7,0.21
35204059,2907,26427.3,0.11
35204060,2044,2154.5,0.95
35204061,1312,14062.2,0.09
35204062,1847,2280.5,0.81
35204063,2732,22302,0.12
35204064,1774,8455.7,0.21
35204065,1617,12593.5,0.13
35204066,1428,12194.7,0.12
35204067,1228,1138.5,1.08
35204068,2426,27631,0.09
35204069,1586,15191.6,0.1
35204070,1114,4632,0.24
35204072,2933,11722.6,0.25
35204073,5983,27520.7,0.22
35204074,5498,24922.9,0.22
35204075,2009,3211.8,0.63
35204076,1437,27267.6,0.05
35204077,1531,36891.6,0.04
35204079,2959,15299.9,0.19
35204080,1736,16455,0.11
35204081,2765,30384.6,0.09
35204082,1617,31459.1,0.05
35204083,2134,37307.7,0.06
35204084,3131,4250.6,0.74
35204085,2824,20780,0.14
35204087,2059,22139.8,0.09
35204088,2622,46000,0.06
35204089,893,63333.3,0.01
35204090,1165,36520.4,0.03
35204091,1381,14865.4,0.09
35204092,855,3867,0.22
35204093,2601,8312.6,0.31
35204094,3378,11749.6,0.29
35204095,1727,2060.4,0.84
35204096,2172,37191.8,0.06
35204097,2141,37430.1,0.06
35204098,1606,4737.5,0.34
35204100,2800,32980,0.08
35204101,6906,31405.2,0.22
35204103,2446,18145.4,0.13
35204105,2248,12053.6,0.19
35204106,1034,2483.8,0.42
35204107,881,8067.8,0.11
35204109,2005,7376.7,0.27
35204110,2139,18266.4,0.12
35204111,2311,7224.1,0.32
35204113,1674,2646.6,0.63
35204114,1080,2506.4,0.43
35204115,1500,21276.6,0.07
35204116,883,26201.8,0.03
35204117,1979,17796.8,0.11
35204118,2724,23065.2,0.12
35204119,1778,22941.9,0.08
35204120,1287,5866,0.22
35204121,2298,20444.8,0.11
35204124,7607,11273,0.67
35204125,1538,8478.5,0.18
35204126,4680,2287.7,2.05
35204127,1653,9214,0.18
35204128,3365,15240,0.22
35204129,1359,10751.6,0.13
35204130,412,3416.3,0.12
35204131,997,1080.9,0.92
35204133,1249,21277.7,0.06
35204134,770,8148.1,0.09
35204135,1576,43899.7,0.04
35204136,1117,5197.8,0.21
35204137,1430,13389.5,0.11
35204138,1401,14066.3,0.1
35204139,2304,11554.7,0.2
35204141,2093,19114.2,0.11
35204142,2594,12048.3,0.22
35204143,1946,8238.8,0.24
35204144,1948,16139.2,0.12
35204145,1834,17668.6,0.1
35204146,1148,7425.6,0.15
35204147,1439,4031.9,0.36
35204148,759,8187.7,0.09
35204149,961,5877.7,0.16
35204150,783,7277,0.11
35204151,929,5024.3,0.18
35204152,575,3420.6,0.17
35204153,502,5245.6,0.1
35204154,656,3838.5,0.17
35204155,650,9558.8,0.07
35204156,660,6094.2,0.11
35204157,525,716.8,0.73
35204159,707,5678.7,0.12
35204160,479,10936.1,0.04
35204161,550,6748.5,0.08
35204162,476,2947.4,0.16
35204163,504,3132.4,0.16
35204164,602,6887.9,0.09
35204165,3533,12694.9,0.28
35204166,587,4983,0.12
35204167,521,5737.9,0.09
35204168,851,6039.7,0.14
35204169,298,3140.1,0.09
35204170,529,2897,0.18
35204171,1181,9140.9,0.13
35204172,447,3407,0.13
35204173,612,3278,0.19
35204174,526,9740.7,0.05
35204176,434,12191,0.04
35204177,587,6238,0.09
35204178,734,1846.1,0.4
35204179,519,5610.8,0.09
35204180,865,4792.2,0.18
35204181,621,5554.6,0.11
35204182,821,2416.8,0.34
35204183,539,2158.6,0.25
35204184,1198,60505.1,0.02
35204186,465,8643.1,0.05
35204187,825,29891.3,0.03
35204188,569,16686.2,0.03
35204189,474,17173.9,0.03
35204190,1223,73674.7,0.02
35204191,651,12840.2,0.05
35204192,539,27360.4,0.02
35204193,347,323.6,1.07
35204194,953,4455.4,0.21
35204195,1669,40411.6,0.04
35204196,492,33469.4,0.01
35204197,611,37484.7,0.02
35204198,1069,59060.8,0.02
35204199,1038,27903.2,0.04
35204200,81,11408.5,0.01
35204201,1176,1983.1,0.59
35204202,765,4922.8,0.16
35204204,112,5067.9,0.02
35204205,344,5630.1,0.06
35204206,372,6305.1,0.06
35204207,424,1508.9,0.28
35204208,1288,31568.6,0.04
35204209,176,6330.9,0.03
35204211,327,7364.9,0.04
35204212,978,35053.8,0.03
35204213,1600,3086.4,0.52
35204214,529,8330.7,0.06
35204215,834,7623.4,0.11
35204216,985,6510.2,0.15
35204217,298,8054.1,0.04
35204218,662,5159.8,0.13
35204219,365,6797,0.05
35204220,333,1122.7,0.3
35204221,422,18672.6,0.02
35204222,758,34298.6,0.02
35204224,1277,14763,0.09
35204225,508,15875,0.03
35204226,486,17802.2,0.03
35204227,1453,6828,0.21
35204228,3108,24883.9,0.12
35204229,1277,27286.3,0.05
35204230,2640,20245.4,0.13
35204231,1414,19396.4,0.07
35204232,1246,2607.2,0.48
35204233,308,7230,0.04
35204235,443,2916.4,0.15
35204236,661,4984.9,0.13
35204237,479,8568.9,0.06
35204238,723,3694.4,0.2
35204240,1240,15979.4,0.08
35204242,1815,18672.8,0.1
35204243,1355,14445.6,0.09
35204244,399,3436.7,0.12
35204245,204,1937.3,0.11
35204246,2256,32790.7,0.07
35204249,1964,12753.2,0.15
35204250,1620,11281.3,0.14
35204251,590,2823,0.21
35204252,561,2826.2,0.2
35204253,257,2564.9,0.1
35204254,706,20523.3,0.03
35204255,638,113928.6,0.01
35204256,287,3333.3,0.09
35204257,1329,2829.5,0.47
35204258,0,0,0.14
35204259,5520,17749.2,0.31
35204261,888,16057.9,0.06
35204262,400,3717.5,0.11
35204263,418,2489.6,0.17
35204265,1016,754.1,1.35
35204266,148,4553.8,0.03
35204267,2189,4254.6,0.51
35204268,587,10085.9,0.06
35204269,6071,23631.8,0.26
35204271,975,2195,0.44
35204272,3178,16691.2,0.19
35204273,32,3809.5,0.01
35204274,565,21401.5,0.03
35204275,530,11157.9,0.05
35204276,508,3161.2,0.16
35204277,1207,3374.3,0.36
35204278,483,496.5,0.97
35204279,595,2426.6,0.25
35204280,391,3285.7,0.12
35204281,626,6864,0.09
35204282,665,2959.5,0.22
35204283,541,5000,0.11
35204284,2869,22449.1,0.13
35204285,509,5777.5,0.09
35204286,556,4641.1,0.12
35204287,775,6003.1,0.13
35204288,545,3534.4,0.15
35204289,805,5998.5,0.13
35204290,1342,8509.8,0.16
35204291,943,5788.8,0.16
35204292,719,6744.8,0.11
35204293,469,1856,0.25
35204294,550,3450.4,0.16
35204295,447,5353.3,0.08
35204296,654,4728.9,0.14
35204297,466,4347,0.11
35204298,1205,11219.7,0.11
35204299,427,4475.9,0.1
35204300,485,5753.3,0.08
35204301,441,1914.9,0.23
35204302,514,4089.1,0.13
35204303,470,2851.9,0.16
35204304,477,3312.5,0.14
35204305,1175,12553.4,0.09
35204306,3366,21618.5,0.16
35204307,1203,44888.1,0.03
35204309,379,3985.3,0.1
35204310,2520,40776.7,0.06
35204311,1545,69909.5,0.02
35204312,1359,66945.8,0.02
35204313,1552,5780.3,0.27
35204314,1333,24104.9,0.06
35204315,599,4072.1,0.15
35204317,1886,55146.2,0.03
35204318,551,3190.5,0.17
35204319,596,2660.7,0.22
35204321,2246,27490.8,0.08
35204322,476,2602.5,0.18
35204323,520,5739.5,0.09
35204324,533,3394.9,0.16
35204325,646,2857.1,0.23
35204326,1330,9568.3,0.14
35204327,461,3212.5,0.14
35204328,467,7888.5,0.06
35204329,3223,8198.9,0.39
35204330,1615,25473.2,0.06
35204331,1324,24564,0.05
35204332,545,2365.5,0.23
35204333,2930,22264.4,0.13
35204334,321,2457.9,0.13
35204335,637,17500,0.04
35204336,486,3690.2,0.13
35204337,637,15275.8,0.04
35204338,365,2550.7,0.14
35204339,802,1627.1,0.49
35204340,627,3336.9,0.19
35204341,357,3167.7,0.11
35204342,507,1164.2,0.44
35204343,616,2453.2,0.25
35204344,1087,5998.9,0.18
35204345,645,8103,0.08
35204346,888,22945.7,0.04
35204347,2261,17193.9,0.13
35204348,2121,5212.6,0.41
35204349,583,4763.1,0.12
35204350,517,4337.2,0.12
35204351,2007,11989.2,0.17
35204352,1609,7788,0.21
35204353,2227,15987.1,0.14
35204355,2583,10669.1,0.24
35204356,820,3965.2,0.21
35204357,550,12790.7,0.04
35204358,729,17193.4,0.04
35204359,1249,1961.4,0.64
35204360,905,986.8,0.92
35204361,491,3978.9,0.12
35204362,526,4542.3,0.12
35204363,635,846.2,0.75
35204364,1141,4158.2,0.27
35204365,521,4378.2,0.12
35204366,482,1892.4,0.25
35204367,2954,19601.9,0.15
35204369,418,5338.4,0.08
35204370,1489,55767.8,0.03
35204371,3688,267246.4,0.01
35204372,1261,17785.6,0.07
35204373,1903,2093,0.91
35204374,568,4204.3,0.14
35204375,612,3368.2,0.18
35204376,492,4708.1,0.1
35204377,474,2577.5,0.18
35204378,481,3241.2,0.15
35204379,398,1516.8,0.26
35204380,2622,31326.2,0.08
35204381,1416,37068.1,0.04
35204382,2090,29814.6,0.07
35204383,721,5282.1,0.14
35204384,770,21329.6,0.04
35204385,647,7977.8,0.08
35204386,768,7950.3,0.1
35204387,570,4068.5,0.14
35204388,551,5402,0.1
35204389,875,9105.1,0.1
35204390,1145,41187.1,0.03
35204391,629,3233.9,0.19
35204392,476,7041.4,0.07
35204393,539,2979.5,0.18
35204394,455,2410,0.19
35204395,630,3480.7,0.18
35204396,998,3435.5,0.29
35204397,1131,6304.3,0.18
35204398,558,6642.9,0.08
35204399,972,4248.3,0.23
35204400,460,2459.9,0.19
35204401,1498,17438.9,0.09
35204402,1911,5574.7,0.34
35204403,609,5126.3,0.12
35204404,497,5076.6,0.1
35204405,686,6758.6,0.1
35204406,426,8037.7,0.05
35204407,535,6789.3,0.08
35204408,584,5299.5,0.11
35204409,379,5949.8,0.06
35204410,926,5459.9,0.17
35204411,571,13372.4,0.04
35204412,1462,6919.1,0.21
35204413,1002,29212.8,0.03
35204414,1346,17757.3,0.08
35204415,913,18187.3,0.05
35204416,375,3568,0.11
35204417,431,4494.3,0.1
35204418,227,3363,0.07
35204419,526,3847.8,0.14
35204420,457,4935.2,0.09
35204421,538,3120.6,0.17
35204422,508,3913.7,0.13
35204423,484,5204.3,0.09
35204424,933,4546.8,0.21
35204425,541,14236.8,0.04
35204426,2462,15330,0.16
35204427,1109,14885.9,0.07
35204428,2876,1949.2,1.48
35204429,587,3253.9,0.18
35204430,922,19575.4,0.05
35204431,599,1350.6,0.44
35204432,521,12258.8,0.04
35204433,489,2661.9,0.18
35204434,487,3094,0.16
35204435,976,3433,0.28
35204436,2097,33075.7,0.06
35204437,601,3631.4,0.17
35204438,609,8055.6,0.08
35204439,675,13209.4,0.05
35204440,478,3665.6,0.13
35204441,513,4547.9,0.11
35204442,466,4236.4,0.11
35204443,488,8442.9,0.06
35204444,403,1975.5,0.2
35204445,467,7630.7,0.06
35204446,682,23598.6,0.03
35204447,474,7171,0.07
35204448,714,9714.3,0.07
35204449,383,6383.3,0.06
35204450,413,5959.6,0.07
35204451,417,7008.4,0.06
35204452,477,7806.9,0.06
35204453,945,4432.5,0.21
35204454,2915,5712.3,0.51
35204455,711,14569.7,0.05
35204456,1127,7998.6,0.14
35204457,524,3095.1,0.17
35204458,1517,5713.7,0.27
35204460,539,535.4,1.01
35204461,521,7317.4,0.07
35204462,479,8919.9,0.05
35204463,573,7701.6,0.07
35204464,3113,16272.9,0.19
35204465,945,5203.7,0.18
35204466,1805,50988.7,0.04
35204467,1128,34181.8,0.03
35204468,1959,37673.1,0.05
35204469,1611,20922.1,0.08
35204470,2394,47405.9,0.05
35204471,797,2064.2,0.39
35204472,830,10097.3,0.08
35204473,461,8986.4,0.05
35204474,3403,4303.2,0.79
35204475,595,6926.7,0.09
35204476,464,8069.6,0.06
35204477,476,7727.3,0.06
35204478,786,278.8,2.82
35204479,100,7.9,12.68
35204480,815,3027.5,0.27
35204481,528,9328.6,0.06
35204482,411,5661.2,0.07
35204483,425,9637.2,0.04
35204484,464,6676.3,0.07
35204485,544,6912.3,0.08
35204486,476,10258.6,0.05
35204487,1717,52347.6,0.03
35204488,1936,55156.7,0.04
35204489,676,50074.1,0.01
35204490,966,8977.7,0.11
35204491,491,6819.4,0.07
35204492,382,5480.6,0.07
35204493,495,8291.5,0.06
35204494,801,16827.7,0.05
35204495,528,12082.4,0.04
35204496,466,12767.1,0.04
35204497,407,10251.9,0.04
35204498,508,8327.9,0.06
35204499,561,10505.6,0.05
35204500,515,5165.5,0.1
35204501,473,8356.9,0.06
35204502,594,10645.2,0.06
35204503,566,9402,0.06
35204504,401,4728.8,0.08
35204505,988,24395.1,0.04
35204506,883,18747.3,0.05
35204507,971,31423.9,0.03
35204508,526,13952.3,0.04
35204509,527,2773.7,0.19
35204510,554,8432.3,0.07
35204511,608,2495.9,0.24
35204512,522,6770.4,0.08
35204513,340,9164.4,0.04
35204514,458,8657.8,0.05
35204515,707,8467.1,0.08
35204516,730,10195.5,0.07
35204517,423,5241.6,0.08
35204518,576,10666.7,0.05
35204519,504,9729.7,0.05
35204520,678,18833.3,0.04
35204521,436,9457.7,0.05
35204522,442,10091.3,0.04
35204523,592,8530.3,0.07
35204524,387,9280.6,0.04
35204525,320,10356,0.03
35204526,559,11047.4,0.05
35204527,472,7184.2,0.07
35204528,498,8829.8,0.06
35204529,510,7132.9,0.07
35204530,566,6604.4,0.09
35204531,542,8199.7,0.07
35204532,517,24736.8,0.02
35204533,1159,36105.9,0.03
35204534,461,13927.5,0.03
35204535,1509,33834.1,0.04
35204536,901,32527.1,0.03
35204537,646,14953.7,0.04
35204538,538,6191,0.09
35204539,534,9270.8,0.06
35204540,582,4899,0.12
35204541,590,7612.9,0.08
35204542,447,8975.9,0.05
35204543,889,10520.7,0.08
35204544,611,22546.1,0.03
35204545,379,16769.9,0.02
35204546,530,9814.8,0.05
35204547,467,8980.8,0.05
35204548,1050,19337,0.05
35204549,378,2434,0.16
35204550,422,8525.3,0.05
35204551,399,8159.5,0.05
35204552,462,3834,0.12
35204553,458,7723.4,0.06
35204554,478,6565.9,0.07
35204555,519,2272.3,0.23
35204556,518,9829.2,0.05
35204557,489,9422,0.05
35204558,800,43715.8,0.02
35204559,572,2906.5,0.2
35204560,531,8069.9,0.07
35204561,602,11025.6,0.05
35204562,577,11727.6,0.05
35204563,1533,41544.7,0.04
35204564,3044,86477.3,0.04
35204565,1436,63539.8,0.02
35204566,470,33098.6,0.01
35204567,7244,101598.9,0.07
35204568,693,10221.2,0.07
35204569,620,11131.1,0.06
35204570,572,15294.1,0.04
35204571,926,19702.1,0.05
35204572,401,8642.2,0.05
35204573,572,11793.8,0.05
35204574,1454,9344.5,0.16
35204575,610,10815.6,0.06
35204576,568,6469.2,0.09
35204577,571,7908.6,0.07
35204578,2527,60891.6,0.04
35204579,1612,59264.7,0.03
35204580,965,39068.8,0.02
35204581,1052,25107.4,0.04
35204582,756,27591.2,0.03
35204583,538,14579.9,0.04
35204584,695,18337.7,0.04
35204585,867,25727,0.03
35204586,486,10146.1,0.05
35204587,284,32272.7,0.01
35204588,3040,54382.8,0.06
35204589,1158,36300.9,0.03
35204590,873,28529.4,0.03
35204591,1273,45464.3,0.03
35204592,2007,44207,0.05
35204593,817,31544.4,0.03
35204594,1180,59000,0.02
35204595,1232,118461.5,0.01
35204596,683,51742.4,0.01
35204597,553,75753.4,0.01
35204598,772,22639.3,0.03
35204599,797,96024.1,0.01
35204600,934,43849.8,0.02
35204601,518,115111.1,0
35204602,1668,16038.5,0.1
35204603,668,10198.5,0.07
35204605,1190,93700.8,0.01
35204606,4410,71590.9,0.06
35204607,814,12259,0.07
35204608,875,19977.2,0.04
35204609,305,1971.6,0.15
35204610,744,62521,0.01
35204611,746,63220.3,0.01
35204612,812,21886.8,0.04
35204613,560,31638.4,0.02
35204614,1001,68561.6,0.01
35204615,1723,10609.6,0.16
35204616,1850,5963.9,0.31
35204617,737,4384.3,0.17
35204618,1338,73922.7,0.02
35204620,649,21140.1,0.03
35204621,663,37457.6,0.02
35204622,564,32413.8,0.02
35204623,675,14210.5,0.05
35204624,654,37586.2,0.02
35204625,397,9254.1,0.04
35204626,384,6486.5,0.06
35204627,437,9931.8,0.04
35204628,368,6777.2,0.05
35204629,587,7932.4,0.07
35204630,383,5448.1,0.07
35204631,579,10087.1,0.06
35204632,504,5000,0.1
35204633,1857,15073.1,0.12
35204634,595,97.6,6.1
35204635,643,3477.6,0.18
35204636,631,6216.7,0.1
35204637,518,6002.3,0.09
35204638,481,7354.7,0.07
35204639,553,6869.6,0.08
35204640,471,6364.9,0.07
35204641,630,5185.2,0.12
35204642,618,4395.4,0.14
35204643,456,6212.5,0.07
35204644,481,5844.5,0.08
35204645,493,3789.4,0.13
35204646,402,8427.7,0.05
35204647,574,24956.5,0.02
35204648,851,9466.1,0.09
35204649,527,2827.3,0.19
35204650,2552,21021.4,0.12
35204652,1113,47768.2,0.02
35204653,3023,50215.9,0.06
35204655,1625,32306.2,0.05
35204656,864,16875,0.05
35204657,1995,18038,0.11
35204658,324,10485.4,0.03
35204659,656,14875.3,0.04
35204660,363,11672,0.03
35204661,1155,12623,0.09
35204662,1028,24891,0.04
35204663,466,9914.9,0.05
35204664,575,12130.8,0.05
35204665,594,12746.8,0.05
35204666,2606,25449.2,0.1
35204667,453,6443.8,0.07
35204668,874,15524,0.06
35204669,488,30310.6,0.02
35204670,1200,8207.9,0.15
35204671,439,13026.7,0.03
35204672,830,2109.8,0.39
35204673,593,4244.8,0.14
35204674,557,3735.7,0.15
35204675,1553,5887,0.26
35204676,4631,24309.7,0.19
35204678,391,4499.4,0.09
35204679,399,6785.7,0.06
35204680,676,2388.7,0.28
35204681,374,4479,0.08
35204682,449,4284.4,0.1
35204683,429,5644.7,0.08
35204684,632,11791,0.05
35204685,446,4593.2,0.1
35204686,477,4718.1,0.1
35204687,355,6037.4,0.06
35204688,673,13876.3,0.05
35204689,819,16817.2,0.05
35204690,981,6903.6,0.14
35204691,4122,9449.8,0.44
35204692,540,7594.9,0.07
35204693,485,6689.7,0.07
35204694,2436,8169,0.3
35204695,457,909.8,0.5
35204696,629,4168.3,0.15
35204697,540,18815.3,0.03
35204698,680,1346.8,0.5
35204699,624,61782.2,0.01
35204700,1242,12777.8,0.1
35204701,149,204.8,0.73
35204704,1695,24076.7,0.07
35204705,306,2925.4,0.1
35204707,1916,12539.3,0.15
35204708,262,3179.6,0.08
35204709,360,2425.9,0.15
35204710,1223,371.6,3.29
35204711,1981,4305.6,0.46
35204712,1240,1835.4,0.68
35204714,1182,3803.1,0.31
35204715,1276,5915.6,0.22
35204716,1360,5882.4,0.23
35204717,814,2044.2,0.4
35204718,1027,2317.2,0.44
35204719,846,6243.5,0.14
35204720,1017,7364.2,0.14
35204721,726,7857.1,0.09
35204722,1456,2997.7,0.49
35204723,916,1070.5,0.86
35204725,598,279.7,2.14
35204726,489,10676.9,0.05
35204727,861,10603.4,0.08
35204728,560,9911.5,0.06
35204729,589,11436.9,0.05
35204730,578,14596,0.04
35204731,627,15714.3,0.04
35204732,677,10814.7,0.06
35204733,827,47.3,17.48
35204734,1010,14637.7,0.07
35204735,849,20262.5,0.04
35204736,999,3284,0.3
35204737,1459,5596.5,0.26
35204738,3894,32208.4,0.12
35204739,474,4372.7,0.11
35204740,1491,17582.5,0.08
35204741,373,5517.8,0.07
35204742,1614,16027.8,0.1
35204743,723,372.7,1.94
35204744,581,4556.9,0.13
35204745,1123,3552.7,0.32
35204746,1383,4036.8,0.34
35204747,1544,7696.9,0.2
35204748,899,23720.3,0.04
35204749,1088,32771.1,0.03
35204750,562,982.3,0.57
35204751,528,11655.6,0.05
35204752,726,9428.6,0.08
35204753,574,13015.9,0.04
35204754,2155,59203.3,0.04
35204755,1195,42226.1,0.03
35204756,1175,25378,0.05
35204757,823,7749.5,0.11
35204758,935,44736.8,0.02
35204759,803,36666.7,0.02
35204760,1139,444.9,2.56
35204761,1206,5333.9,0.23
35204762,738,4251.2,0.17
35204763,5206,11414.2,0.46
35204764,116,868.9,0.13
35204765,2155,27209.6,0.08
35204766,617,6232.3,0.1
35204767,1365,44032.3,0.03
35204768,901,13172.5,0.07
35204769,1523,1935,0.79
35204770,1204,6452.3,0.19
35204771,647,1213.9,0.53
35204772,2099,28136.7,0.07
35204773,674,6388.6,0.11
35204774,981,27869.3,0.04
35204775,716,10591.7,0.07
35204776,1027,31121.2,0.03
35204777,1242,33387.1,0.04
35204778,748,5133.8,0.15
35204779,437,4904.6,0.09
35204780,1246,3404.4,0.37
35204781,1037,2886.2,0.36
35204782,2613,92007,0.03
35204783,0,0,0.03
35204784,0,0,0.03
35204785,675,2478.9,0.27
35204786,849,3525.7,0.24
35204787,523,11104,0.05
35204788,1137,6145.9,0.19
35204789,966,26250,0.04
35204790,493,20801.7,0.02
35204791,888,3539.3,0.25
35204793,1420,704.4,2.02
35204794,903,24274.2,0.04
35204795,774,10251.7,0.08
35204796,3340,20979.9,0.16
35204797,911,12617.7,0.07
35204798,959,11164.1,0.09
35204799,2387,5332.9,0.45
35204800,384,1038.7,0.37
35204801,454,10341.7,0.04
35204802,1110,8008.7,0.14
35204803,1097,26057,0.04
35204805,1078,7834.3,0.14
35204806,415,8234.1,0.05
35204807,1223,25966,0.05
35204808,841,18856.5,0.04
35204809,765,10744.4,0.07
35204810,821,6023.5,0.14
35204811,1011,18448.9,0.05
35204812,879,16647.7,0.05
35204813,735,9945.9,0.07
35204814,930,28096.7,0.03
35204815,1055,39811.3,0.03
35204816,1176,40000,0.03
35204817,768,15268.4,0.05
35204819,6748,32041.8,0.21
35204820,3025,56436.6,0.05
35204821,1021,9883.8,0.1
35204822,1937,51243.4,0.04
35204823,811,35414.8,0.02
35204824,1392,71020.4,0.02
35204825,1130,19894.4,0.06
35204826,3595,10913.8,0.33
35204827,3274,18188.9,0.18
35204828,1246,76913.6,0.02
35204829,817,28368.1,0.03
35204830,1375,25749.1,0.05
35204831,459,24677.4,0.02
35204832,1756,39549.5,0.04
35204833,2712,7053.3,0.38
35204835,857,5841.9,0.15
35204836,404,6177.4,0.07
35204837,543,9203.4,0.06
35204838,951,45721.2,0.02
35204839,1589,27586.8,0.06
35204840,581,2324,0.25
35204841,1612,18276.6,0.09
35204842,2587,31395.6,0.08
35204843,2174,18549.5,0.12
35204844,1959,27284.1,0.07
35204845,2711,16986.2,0.16
35204846,1574,50127.4,0.03
35204847,1400,97902.1,0.01
35204848,912,18313.3,0.05
35204850,1744,6588.6,0.26
35204851,777,16602.6,0.05
35204852,727,5507.6,0.13
35204853,380,2450,0.16
35204854,0,0,0.05
35204855,673,1183.2,0.57
35204856,1502,1989.7,0.75
35204857,1311,1909.4,0.69
35204858,894,47807.5,0.02
35204859,1376,102686.6,0.01
35204860,0,0,0.06
35204861,583,8860.2,0.07
35204862,1029,44163.1,0.02
35204863,1650,71120.7,0.02
35204864,0,0,0.04
35204865,1155,32719.5,0.04
35204866,696,3191.2,0.22
35204867,730,20448.2,0.04
35204869,320,15763.5,0.02
35204870,1869,19883,0.09
35204871,2011,39821.8,0.05
35204872,3623,23757.4,0.15
35204873,1629,1113.7,1.46
35204876,724,111384.6,0.01
35204877,337,27851.2,0.01
35204878,0,0,0.03
35204879,1087,15753.6,0.07
35204880,1804,25372.7,0.07
35204881,441,9264.7,0.05
35204882,554,21064.6,0.03
35204883,1901,50158.3,0.04
35204884,496,2542.3,0.2
35204885,3509,48200.5,0.07
35204886,392,12894.7,0.03
35204887,1142,3619.7,0.32
35204888,1828,28652,0.06
35204889,400,13698.6,0.03
35204890,462,1140.5,0.41
35204891,2044,678.1,3.01
35204892,151,1254.2,0.12
35204893,273,2000,0.14
35204894,3642,18705.7,0.19
35204895,977,8237.8,0.12
35204896,1753,10754.6,0.16
35204897,1985,33816,0.06
35204898,967,4286.3,0.23
35204899,0,0,0.05
35204900,3023,53504.4,0.06
35204901,1014,3446.6,0.29
35204902,498,25025.1,0.02
35204903,3495,5550.3,0.63
35204904,626,6978.8,0.09
35204905,1774,1629.8,1.09
35204906,1255,6700.5,0.19
